,Date,Volume,Open,High,Low,Close,MAm,MAn,MAdelta,EMAm,EMAn,MACD,Signal,MACDdelta,Change,Gain,Loss,AveGain,AveLoss,RS,RSI,TradingVolRec,TradingVolActual,Fee,ContractHeld,CashBal,Asset
0,2011-01-03,6729,3654,3669,3628,3654,,,,,,,,,,0.0,0.0,,,,,,0.0,,,,
1,2011-01-04,6776,3647,3713,3614,3647,,,,,,,,,-7.0,0.0,7.0,,,,,,0.0,,,,
2,2011-01-05,13129,3633,3659,3598,3633,,,,,,,,,-14.0,0.0,14.0,,,,,,0.0,,,,
3,2011-01-06,11863,3685,3702,3653,3685,,,,,,,,,52.0,52.0,0.0,,,,,,0.0,,,,
4,2011-01-07,17658,3602,3655,3567,3601,,,,,,,,,-84.0,0.0,84.0,,,,,,0.0,,,,
5,2011-01-10,10650,3573,3615,3538,3573,,,,,,,,,-28.0,0.0,28.0,,,,,,0.0,,,,
6,2011-01-11,11125,3543,3567,3508,3542,,,,,,,,,-31.0,0.0,31.0,,,,,,0.0,,,,
7,2011-01-12,7160,3486,3542,3421,3486,,,,,,,,,-56.0,0.0,56.0,,,,,,0.0,,,,
8,2011-01-13,2944,3472,3516,3448,3472,,,,,,,,,-14.0,0.0,14.0,,,,,,0.0,,,,
9,2011-01-14,2368,3483,3508,3452,3483,,,,,,,,,11.0,11.0,0.0,,,,,,0.0,,,,
10,2011-01-17,1227,3470,3505,3429,3470,,,,,,,,,-13.0,0.0,13.0,,,,,,0.0,,,,
11,2011-01-18,1837,3464,3487,3423,3464,,,,,,,,,-6.0,0.0,6.0,,,,,,0.0,,,,
12,2011-01-19,3281,3538,3551,3509,3538,,,,,,,,,74.0,74.0,0.0,,,,,,0.0,,,,
13,2011-01-21,1260,3583,3614,3527,3583,,,,,,,,,45.0,45.0,0.0,,,,,,0.0,,,,
14,2011-01-24,1810,3608,3652,3561,3608,,,,,,,,,25.0,25.0,0.0,,,,,,0.0,,,,
15,2011-01-25,3190,3523,3552,3501,3523,,,,,,,,,-85.0,0.0,85.0,,,,,,0.0,,,,
16,2011-01-26,1781,3464,3503,3428,3464,,,,,,,,,-59.0,0.0,59.0,,,,,,0.0,,,,
17,2011-01-27,1833,3513,3532,3477,3513,,,,,,,,,49.0,49.0,0.0,,,,,,0.0,,,,
18,2011-01-28,1172,3521,3533,3495,3521,,,,,,,,,8.0,8.0,0.0,,,,,,0.0,,,,
19,2011-01-31,1910,3583,3631,3556,3583,,3552.15,,,,,,,62.0,62.0,0.0,,,,,,0.0,,,,
20,2011-02-02,864,3716,3730,3676,3717,,3555.3,,,,,,,134.0,134.0,0.0,14.785714285714286,18.071428571428573,0.8181818181818181,45.0,,0.0,,,,
21,2011-02-07,2994,3713,3746,3697,3713,,3558.6,,,,,,,-4.0,0.0,4.0,14.046428571428573,17.367857142857144,0.8087600246761258,44.71350613915416,,0.0,,,,
22,2011-02-08,2860,3676,3724,3656,3676,,3560.75,,,,,,,-37.0,0.0,37.0,13.344107142857144,18.349464285714287,0.7272205299882246,42.10351355615154,,0.0,,,,
23,2011-02-09,3433,3745,3772,3707,3745,,3563.75,,,,,,,69.0,69.0,0.0,16.12690178571429,17.431991071428573,0.9251325175439451,48.055523924358994,,0.0,,,,
24,2011-02-10,2578,3753,3801,3722,3753,,3571.35,,,,,,,8.0,8.0,0.0,15.720556696428574,16.560391517857145,0.9492865358573815,48.699178822360444,,0.0,,,,
25,2011-02-11,1902,3758,3791,3738,3758,,3580.6,,,,,,,5.0,5.0,0.0,15.184528861607145,15.732371941964288,0.9651773373793792,49.11400711889295,,0.0,,,,
26,2011-02-14,3260,3761,3778,3743,3760,,3591.5,,,,,,,2.0,2.0,0.0,14.525302418526788,14.945753344866073,0.9718682011781151,49.28667142141962,,0.0,,,,
27,2011-02-16,11703,3653,3693,3612,3652,,3599.8,,,,,,,-108.0,0.0,108.0,13.79903729760045,19.59846567762277,0.7040876323984883,41.31757187906417,,0.0,,,,
28,2011-02-17,16742,3576,3651,3519,3576,,3605.0,,,,,,,-76.0,0.0,76.0,13.109085432720429,22.41854239374163,0.5847429865190507,36.89828517894005,,0.0,,,,
29,2011-02-18,16129,3578,3656,3531,3578,,3609.75,,,,,,,2.0,2.0,0.0,12.553631161084407,21.29761527405455,0.589438347887599,37.08469401603255,,0.0,,,,
30,2011-02-21,11407,3531,3549,3492,3531,,3612.8,,,,,,,-47.0,0.0,47.0,11.925949603030187,22.58273451035182,0.5281003324714014,34.559270831209304,,0.0,,,,
31,2011-02-22,13795,3540,3575,3510,3540,,3616.6,,,,,,,9.0,9.0,0.0,11.779652122878677,21.45359778483423,0.5490758352524832,35.44538122389531,,0.0,,,,
32,2011-02-23,16587,3396,3429,3374,3396,,3609.5,,,,,,,-144.0,0.0,144.0,11.190669516734742,27.580917895592517,0.40573956092023433,28.86306768336422,,0.0,,,,
33,2011-02-24,27351,3316,3421,3207,3316,,3596.15,,,,,,,-80.0,0.0,80.0,10.631136040898005,30.20187200081289,0.35200255270970837,26.03564261060147,,0.0,,,,
34,2011-02-25,16027,3360,3412,3294,3361,,3583.8,,,,,,,45.0,45.0,0.0,12.349579238853105,28.691778400772243,0.430422229892892,30.090571923306968,,0.0,,,,
35,2011-02-28,16891,3402,3462,3318,3401,,3577.7,,,,,,,40.0,40.0,0.0,13.73210027691045,27.257189480733633,0.5037973664385609,33.50167899493685,,0.0,,,,
36,2011-03-01,13506,3389,3433,3321,3389,,3573.95,,,,,,,-12.0,0.0,12.0,13.045495263064927,26.494330006696952,0.49238819248372867,32.99330529171934,,0.0,,,,
37,2011-03-02,20891,3461,3500,3377,3462,,3571.4,,,,,,,73.0,73.0,0.0,16.04322049991168,25.169613506362104,0.6374043246971769,38.92772939970456,,0.0,,,,
38,2011-03-03,14839,3479,3519,3435,3479,,3569.3,,,,,,,17.0,17.0,0.0,16.091059474916097,23.911132831044,0.6729526195440207,40.22544402527314,,0.0,,,,
39,2011-03-04,10593,3506,3536,3458,3506,,3565.45,,,,,,,27.0,27.0,0.0,16.63650650117029,22.7155761894918,0.7323832053560817,42.27605088133745,,0.0,,,,
40,2011-03-07,8414,3555,3571,3531,3555,,3557.35,,,,,,,49.0,49.0,0.0,18.254681176111777,21.579797380017208,0.8459153186032936,45.82633396440705,,0.0,,,,
41,2011-03-08,13849,3477,3536,3442,3477,,3545.55,,,,,,,-78.0,0.0,78.0,17.341947117306187,24.400807511016346,0.7107120167837371,41.54480764798317,,0.0,,,,
42,2011-03-09,8931,3454,3490,3428,3454,,3534.45,,,,,,,-23.0,0.0,23.0,16.47484976144088,24.33076713546553,0.6771200295376819,40.37397548250247,,0.0,,,,
43,2011-03-10,16952,3350,3403,3312,3350,,3514.7,,,,,,,-104.0,0.0,104.0,15.651107273368837,28.31422877869225,0.5527647387361301,35.59874364393745,,0.0,,,,
44,2011-03-11,19837,3310,3354,3227,3310,,3492.55,,,,,,,-40.0,0.0,40.0,14.868551909700395,28.89851733975764,0.5145091609680863,33.972007184110254,,0.0,,,,
45,2011-03-14,19886,3190,3230,3152,3190,,3464.15,,,,,,,-120.0,0.0,120.0,14.125124314215375,33.45359147276976,0.4222304300485289,29.68790578008668,,0.0,,,,
46,2011-03-15,16991,3216,3291,3121,3216,,3436.95,,,,,,,26.0,26.0,0.0,14.718868098504606,31.78091189913127,0.4631354866474724,31.653629542447163,,0.0,,,,
47,2011-03-16,5983,3203,3254,3161,3203,,3414.5,,,,,,,-13.0,0.0,13.0,13.982924693579374,30.841866304174705,0.4533747911256158,31.19462329290053,,0.0,,,,
48,2011-03-17,2889,3230,3256,3201,3230,,3397.2,,,,,,,27.0,27.0,0.0,14.633778458900405,29.29977298896597,0.49945023343393663,33.30889030509071,,0.0,,,,
49,2011-03-18,1272,3298,3334,3271,3298,,3383.2,,,,,,,68.0,68.0,0.0,17.302089535955385,27.83478433951767,0.6215995541733448,38.33249414589426,,0.0,,,,
50,2011-03-21,2187,3332,3366,3306,3332,,3373.25,,,,,,,34.0,34.0,0.0,18.136985059157617,26.443045122541786,0.6858886703519808,40.68410224316773,,0.0,,,,
51,2011-03-22,2340,3240,3286,3186,3240,,3358.25,,,,,,,-92.0,0.0,92.0,17.230135806199733,29.720892866414697,0.579731432822134,36.698100751623606,,0.0,,,,
52,2011-03-23,1862,3230,3256,3199,3230,,3349.95,,,,,,,-10.0,0.0,10.0,16.368629015889745,28.734848223093962,0.5696438306827183,36.29127955957697,,0.0,,,,
53,2011-03-24,3898,3122,3181,3061,3121,,3340.2,,,,,,,-109.0,0.0,109.0,15.550197565095257,32.74810581193926,0.4748426566835504,32.19615696167344,,0.0,,,,
54,2011-03-25,3715,3168,3218,3113,3168,,3330.55,,,,,,,47.0,47.0,0.0,17.122687686840493,31.110700521342302,0.5503793678671469,35.499657649875886,,0.0,,,,
55,2011-03-28,2484,3171,3198,3150,3171,,3319.05,,,,,,,3.0,3.0,0.0,16.416553302498468,29.555165495275183,0.5554546228178925,35.71011424374565,,0.0,,,,
56,2011-03-29,2235,3150,3181,3117,3150,,3307.1,,,,,,,-21.0,0.0,21.0,15.595725637373544,29.127407220511422,0.5354313042456826,34.871719937267144,,0.0,,,,
57,2011-03-30,2743,3193,3216,3170,3193,,3293.65,,,,,,,43.0,43.0,0.0,16.965939355504865,27.67103685948585,0.6131298744480841,38.0087111496748,,0.0,,,,
58,2011-03-31,3406,3214,3231,3184,3214,,3280.4,,,,,,,21.0,21.0,0.0,17.16764238772962,26.287485016511557,0.6530728358740432,39.50659775549082,,0.0,,,,
59,2011-04-01,2364,3256,3273,3235,3256,,3267.9,,,,,,,42.0,42.0,0.0,18.40926026834314,24.97311076568598,0.7371632809813256,42.43488732762652,,0.0,,,,
60,2011-04-04,1892,3273,3286,3248,3274,,3253.85,,,,,,,18.0,18.0,0.0,18.388797254925983,23.724455227401684,0.7750988201274679,43.665108180952366,,0.0,,,,
61,2011-04-05,2186,3260,3296,3234,3260,,3243.0,,,,,,,-14.0,0.0,14.0,17.46935739217968,23.238232466031597,0.7517506943660819,42.91425125640513,,0.0,,,,
62,2011-04-06,1473,3275,3290,3256,3274,,3234.0,,,,,,,14.0,14.0,0.0,17.295889522570697,22.07632084273002,0.7834588764036027,43.92918091744681,,0.0,,,,
63,2011-04-07,1869,3238,3257,3215,3238,,3228.4,,,,,,,-36.0,0.0,36.0,16.43109504644216,22.772504800593516,0.7215321805976266,41.91220987499333,,0.0,,,,
64,2011-04-08,3600,3264,3296,3219,3265,,3226.15,,,,,,,27.0,27.0,0.0,16.959540294120053,21.63387956056384,0.7839343029825964,43.94412404492253,,0.0,,,,
65,2011-04-11,4061,3319,3351,3277,3319,,3232.6,,,,,,,54.0,54.0,0.0,18.811563279414052,20.55218558253565,0.9153071922141116,47.78905420158782,,0.0,,,,
66,2011-04-12,3376,3268,3287,3245,3268,,3235.2,,,,,,,-51.0,0.0,51.0,17.87098511544335,22.07457630340887,0.8095731881695787,44.73835009616157,,0.0,,,,
67,2011-04-13,4570,3225,3248,3202,3225,,3236.3,,,,,,,-43.0,0.0,43.0,16.977435859671182,23.120847488238425,0.7342912437923222,42.33955781190878,,0.0,,,,
68,2011-04-14,3516,3219,3258,3179,3219,,3235.75,,,,,,,-6.0,0.0,6.0,16.128564066687623,22.264805113826505,0.7243972711295704,42.00872288872577,,0.0,,,,
69,2011-04-15,2955,3162,3206,3125,3162,,3228.95,,,,,,,-57.0,0.0,57.0,15.322135863353243,24.00156485813518,0.63838070367149,38.964124897279746,,0.0,,,,
70,2011-04-18,9160,3148,3171,3123,3148,,3219.75,,,,,,,-14.0,0.0,14.0,14.556029070185579,23.501486615228423,0.619366311097682,38.24744944075357,,0.0,,,,
71,2011-04-19,9320,3141,3165,3118,3141,,3214.8,,,,,,,-7.0,0.0,7.0,13.828227616676301,22.676412284467002,0.6098066767884807,37.8807396926088,,0.0,,,,
72,2011-04-20,15899,3204,3242,3171,3204,,3213.5,,,,,,,63.0,63.0,0.0,16.286816235842487,21.542591670243652,0.7560286378327978,43.05332051793018,,0.0,,,,
73,2011-04-21,8751,3227,3238,3206,3227,,3218.8,,,,,,,23.0,23.0,0.0,16.62247542405036,20.46546208673147,0.8122208701472388,44.819088198738584,,0.0,,,,
74,2011-04-22,13041,3255,3281,3222,3255,,3223.15,,,,,,,28.0,28.0,0.0,17.191351652847843,19.442188982394896,0.8842292227698635,46.9279009201452,,0.0,,,,
75,2011-04-25,7275,3269,3290,3249,3269,,3228.05,,,,,,,14.0,14.0,0.0,17.03178407020545,18.47007953327515,0.9221283557291396,47.97433808104557,,0.0,,,,
76,2011-04-26,8646,3221,3248,3197,3221,,3231.6,,,,,,,-48.0,0.0,48.0,16.180194866695178,19.946575556611393,0.811176576188396,44.787271812862635,,0.0,,,,
77,2011-04-27,9633,3196,3226,3183,3196,,3231.75,,,,,,,-25.0,0.0,25.0,15.37118512336042,20.199246778780825,0.7609781340712044,43.213377801114405,,0.0,,,,
78,2011-04-28,8564,3217,3230,3194,3217,,3231.9,,,,,,,21.0,21.0,0.0,15.652625867192398,19.189284439841785,0.8156961723227995,44.924706278324564,,0.0,,,,
79,2011-04-29,10743,3162,3181,3143,3162,,3227.2,,,,,,,-55.0,0.0,55.0,14.869994573832779,20.979820217849696,0.7087760724079676,41.478581298787546,,0.0,,,,
80,2011-05-03,6142,3196,3211,3177,3196,,3223.3,,,,,,,34.0,34.0,0.0,15.826494845141138,19.93082920695721,0.7940710685341992,44.26084799321663,,0.0,,,,
81,2011-05-04,10428,3163,3178,3134,3163,,3218.45,,,,,,,-33.0,0.0,33.0,15.03517010288408,20.58428774660935,0.7304197399475568,42.210552912999795,,0.0,,,,
82,2011-05-05,9053,3180,3197,3135,3179,,3213.7,,,,,,,16.0,16.0,0.0,15.083411597739877,19.555073359278882,0.7713298396082364,43.54524055095413,,0.0,,,,
83,2011-05-06,17841,3087,3108,3054,3087,,3206.15,,,,,,,-92.0,0.0,92.0,14.329241017852883,23.17731969131494,0.6182440941703182,38.20462539597866,,0.0,,,,
84,2011-05-09,11427,3132,3158,3098,3132,,3199.5,,,,,,,45.0,45.0,0.0,15.862778966960239,22.01845370674919,0.7204311064812835,41.87503374981095,,0.0,,,,
85,2011-05-10,8718,3174,3188,3149,3174,,3192.25,,,,,,,42.0,42.0,0.0,17.169640018612228,20.917531021411733,0.820825364190302,45.07985116712786,,0.0,,,,
86,2011-05-11,8817,3175,3189,3163,3175,,3187.6,,,,,,,1.0,1.0,0.0,16.361158017681618,19.87165447034115,0.8233415110000519,45.155639030478284,,0.0,,,,
87,2011-05-12,12155,3153,3183,3123,3153,,3184.0,,,,,,,-22.0,0.0,22.0,15.543100116797536,19.978071746824092,0.7780080236856902,43.757284181031544,,0.0,,,,
88,2011-05-13,11965,3171,3198,3135,3171,,3181.6,,,,,,,18.0,18.0,0.0,15.66594511095766,18.97916815948289,0.8254284370798524,45.218339996954064,,0.0,,,,
89,2011-05-16,2961,3198,3219,3161,3198,,3183.4,,,,,,,27.0,27.0,0.0,16.232647855409777,18.030209751508742,0.9003027740180034,47.37680680823308,,0.0,,,,
90,2011-05-18,3275,3244,3251,3226,3244,,3188.2,,,,,,,46.0,46.0,0.0,17.72101546263929,17.128699263933306,1.0345803373378843,50.849814988950754,,0.0,,,,
91,2011-05-19,2806,3276,3302,3255,3276,,3194.95,,,,,,,32.0,32.0,0.0,18.434964689507325,16.27226430073664,1.1329071571602225,53.115633906381014,,0.0,,,,
92,2011-05-20,2251,3317,3341,3283,3317,,3200.6,,,,,,,41.0,41.0,0.0,19.56321645503196,15.458651085699808,1.2655189865258765,55.86000356000202,,0.0,,,,
93,2011-05-23,1745,3303,3336,3282,3303,,3204.4,,,,,,,-14.0,0.0,14.0,18.585055632280362,15.385718531414819,1.2079420011703115,54.70895524112709,,0.0,,,,
94,2011-05-24,2609,3315,3324,3306,3315,,3207.4,,,,,,,12.0,12.0,0.0,18.255802850666345,14.616432604844078,1.2489916893001738,55.53562937748456,,0.0,,,,
95,2011-05-25,1705,3315,3356,3284,3315,,3209.7,,,,,,,0.0,0.0,0.0,17.343012708133028,13.885610974601875,1.2489916893001738,55.53562937748456,,0.0,,,,
96,2011-05-26,1081,3355,3376,3336,3355,,3216.4,,,,,,,40.0,40.0,0.0,18.47586207272638,13.19133042587178,1.4006064192350303,58.34385878553733,,0.0,,,,
97,2011-05-27,2507,3363,3376,3345,3363,,3224.75,,,,,,,8.0,8.0,0.0,17.95206896909006,12.53176390457819,1.4325253097476316,58.89045857024413,,0.0,,,,
98,2011-05-30,1503,3361,3382,3329,3361,,3231.95,,,,,,,-2.0,0.0,2.0,17.054465520635556,12.005175709349281,1.4205927454567813,58.68780480000597,,0.0,,,,
99,2011-05-31,2690,3335,3356,3308,3335,3370.66,3240.6,-130.05999999999995,3370.66,3315.2948717948716,-55.36512820512826,,,-26.0,0.0,26.0,16.20174224460378,12.704916923881816,1.2752340170087122,56.04847710062297,,0.0,,,,
100,2011-06-01,2155,3305,3329,3285,3305,3367.17,3246.05,-121.11999999999989,3369.359801980198,3314.314407814408,-55.045394165790185,,,-30.0,0.0,30.0,15.39165513237359,13.569671077687724,1.1342688444144906,53.145546653269115,,0.0,,,,
101,2011-06-02,2303,3310,3342,3277,3310,3363.8,3253.4,-110.40000000000009,3368.1843603568277,3313.903511832083,-54.28084852474467,,,5.0,5.0,0.0,14.872072375754911,12.891187523803339,1.1536619375285562,53.567457242265505,,0.0,,,,
102,2011-06-03,2955,3378,3402,3359,3378,3361.25,3263.35,-97.90000000000009,3368.3787294586728,3320.0079392766465,-48.37079018202621,,,68.0,68.0,0.0,17.528468756967165,12.24662814761317,1.4312893757930756,58.86956073775444,,0.0,,,,
103,2011-06-06,1523,3349,3375,3327,3349,3357.89,3276.45,-81.44000000000005,3367.9949922416695,3322.769087916966,-45.225904324703606,,,-29.0,0.0,29.0,16.652045319118805,13.084296740232514,1.2726740802137213,55.99897016883475,,0.0,,,,
104,2011-06-07,2986,3310,3336,3288,3310,3354.98,3285.35,-69.63000000000011,3366.8465765537157,3321.552984305826,-45.29359224788959,,,-39.0,0.0,39.0,15.819443053162866,14.380081903220889,1.1000940856685653,52.38308574724404,,0.0,,,,
105,2011-06-08,2731,3277,3319,3258,3277,3352.02,3290.5,-61.51999999999998,3365.0674364239394,3317.3098429433667,-47.75759348057272,,,-33.0,0.0,33.0,15.028470900504724,15.311077808059844,0.9815423243812167,49.53425986940382,,0.0,,,,
106,2011-06-09,3911,3263,3294,3160,3262,3349.22,3294.85,-54.36999999999989,3363.026497088812,3312.042238853522,-50.98425823528987,,,-15.0,0.0,15.0,14.277047355479487,15.295523917656851,0.9334134242370309,48.278004721384264,,0.0,0.0,0.0,10000000.0,10000000.0
107,2011-06-10,3640,3202,3242,3177,3202,3346.38,3297.3,-49.07999999999993,3359.837853582103,3301.5620256293773,-58.27582795272565,-51.177704146541195,-7.098123806184454,-60.0,0.0,60.0,13.563194987705511,17.53074772177401,0.7736803474080793,43.620055244941774,-8.0,0.0,0.0,0.0,10000000.0,10000000.0
108,2011-06-13,5414,3187,3211,3149,3187,3343.53,3298.1,-45.43000000000029,3356.415321828002,3290.6513565218174,-65.76396530618467,-54.09495637846989,-11.669008927714785,-15.0,0.0,15.0,12.885035238320237,17.40421033568531,0.7403401240159095,42.539967549994934,-8.0,0.0,0.0,0.0,10000000.0,10000000.0
109,2011-06-14,3562,3207,3225,3187,3207,3340.77,3298.55,-42.2199999999998,3353.456602583883,3282.6845606625966,-70.77204192128647,-57.43037348703321,-13.341668434253265,20.0,20.0,0.0,13.240783476404227,16.533999818901044,0.8008215568786848,44.46978957019635,-8.0,0.0,0.0,0.0,10000000.0,10000000.0
110,2011-06-15,3636,3214,3232,3192,3214,3338.21,3297.05,-41.159999999999854,3350.695085701034,3276.1431739328254,-74.55191176820836,-60.85468114326824,-13.697230624940119,7.0,7.0,0.0,12.928744302584017,15.707299827955993,0.8231041900386546,45.14849971472024,-8.0,0.0,0.0,0.0,10000000.0,10000000.0
111,2011-06-16,10890,3178,3214,3142,3178,3335.35,3292.15,-43.19999999999982,3347.2753810336867,3266.796204986842,-80.47917604684471,-64.77958012398354,-15.699595922861178,-36.0,0.0,36.0,12.282307087454814,16.721934836558194,0.734502747887925,42.346588887352105,-8.0,0.0,0.0,0.0,10000000.0,10000000.0
112,2011-06-17,14112,3137,3163,3112,3137,3331.34,3283.15,-48.190000000000055,3343.1115121023267,3254.434661654762,-88.6768504475649,-69.55903418869981,-19.11781625886509,-41.0,0.0,41.0,11.668191733082073,17.935838094730283,0.6505517986645016,39.4142007049326,-8.0,0.0,0.0,0.0,10000000.0,10000000.0
113,2011-06-20,11078,3157,3170,3138,3157,3327.08,3275.85,-51.23000000000002,3339.426135625053,3245.155170068594,-94.27096555645903,-74.50142046225166,-19.769545094207373,20.0,20.0,0.0,12.08478214642797,17.03904618999377,0.7092405297618593,41.49448350962486,-8.0,0.0,0.0,0.0,10000000.0,10000000.0
114,2011-06-21,7859,3163,3179,3152,3163,3322.63,3268.25,-54.38000000000011,3335.932548780993,3237.3308681572994,-98.60168062369348,-79.32147249454002,-19.280208129153465,6.0,6.0,0.0,11.780543039106572,16.187093880494082,0.7277738132662879,42.12205369002904,-8.0,0.0,0.0,0.0,10000000.0,10000000.0
115,2011-06-22,13951,3160,3186,3127,3160,3319.0,3260.5,-58.5,3332.4487359338445,3229.96602357089,-102.48271236295477,-83.95372046822297,-18.528991894731803,-3.0,0.0,3.0,11.191515887151244,15.527739186469379,0.7207434226421932,41.88558347272338,-8.0,0.0,0.0,0.0,10000000.0,10000000.0
116,2011-06-23,12639,3106,3127,3079,3106,3315.42,3248.05,-67.36999999999989,3327.964602549016,3218.1597356117572,-109.8048669372588,-89.12394976203014,-20.680917175228657,-54.0,0.0,54.0,10.63194009279368,17.45135222714591,0.6092330241467189,37.85859567912852,-8.0,0.0,0.0,0.0,10000000.0,10000000.0
117,2011-06-24,16635,3072,3095,3052,3072,3311.01,3233.5,-77.51000000000022,3322.8959965579465,3204.23976079159,-118.65623576635653,-95.03040696289541,-23.62582880346112,-34.0,0.0,34.0,10.100343088153997,18.278784615788616,0.5525719187822614,35.59074540106738,-8.0,0.0,0.0,0.0,10000000.0,10000000.0
118,2011-06-27,15299,3035,3050,2987,3034,3306.14,3217.15,-88.98999999999978,3317.175283754819,3188.02645024001,-129.14883351480876,-101.85409227327808,-27.294741241530673,-38.0,0.0,38.0,9.595325933746297,19.264845384999184,0.4980743806653034,33.24764024361099,-4.0,0.0,0.0,0.0,10000000.0,10000000.0
119,2011-06-28,11427,3016,3033,2994,3016,3300.47,3201.2,-99.26999999999998,3311.211416749773,3171.6429787885804,-139.56843796119256,-109.39696141086098,-30.171476550331576,-18.0,0.0,18.0,9.115559637058983,19.201603115749226,0.4747290933006717,32.190935640806714,-8.0,0.0,0.0,0.0,10000000.0,10000000.0
120,2011-06-29,8610,3053,3064,3036,3053,3293.83,3188.6,-105.23000000000002,3306.0983193883912,3160.343647475382,-145.75467191300913,-116.66850351129061,-29.086168401718524,37.0,37.0,0.0,10.509781655206034,18.241522959961763,0.5761460640251314,36.55410352983281,-8.0,0.0,0.0,0.0,10000000.0,10000000.0
121,2011-06-30,12393,3061,3085,3014,3061,3287.31,3176.15,-111.15999999999985,3301.2448873212943,3150.882347715822,-150.3625396054722,-123.40731073012692,-26.95522887534527,8.0,8.0,0.0,10.384292572445732,17.329446811963674,0.5992281626252929,37.46983555126993,-8.0,0.0,0.0,0.0,10000000.0,10000000.0
122,2011-07-01,13138,2997,3014,2980,2997,3280.52,3157.1,-123.42000000000007,3295.2202360872093,3136.226886028601,-158.99335005860848,-130.52451859582322,-28.46883146278526,-64.0,0.0,64.0,9.865077943823445,19.66297447136549,0.5017083228272313,33.40917242055879,-4.0,0.0,0.0,0.0,10000000.0,10000000.0
123,2011-07-04,10443,3016,3033,2994,3016,3273.23,3140.45,-132.7800000000002,3289.691122501324,3124.7767064068294,-164.91441609449475,-137.40249809555752,-27.511917998937236,19.0,19.0,0.0,10.321824046632273,18.679825747797217,0.5525653282846845,35.59047198968261,-8.0,0.0,0.0,0.0,10000000.0,10000000.0
124,2011-07-05,13149,2985,3005,2972,2985,3265.55,3124.2,-141.35000000000036,3283.6576349270404,3111.4646391299884,-172.19299579705194,-144.3605976358564,-27.832398161195528,-31.0,0.0,31.0,9.805732844300659,19.295834460407356,0.5081787400498693,33.69486166030069,-4.0,0.0,0.0,0.0,10000000.0,10000000.0
125,2011-07-06,12612,2984,3000,2965,2984,3257.81,3109.55,-148.25999999999976,3277.72382037403,3099.325149689037,-178.3986706849928,-151.1682122456837,-27.230458439309103,-1.0,0.0,1.0,9.315446202085626,18.381042737386988,0.506796395350196,33.634032900139175,-4.0,0.0,0.0,0.0,10000000.0,10000000.0
126,2011-07-07,9603,2998,3013,2980,2998,3250.19,3096.35,-153.84000000000015,3272.184734822069,3089.675135432938,-182.50959938913093,-157.43648967437315,-25.073109714757777,14.0,14.0,0.0,9.549673891981346,17.461990600517638,0.5468834630857182,35.353889037949685,-8.0,0.0,0.0,0.0,10000000.0,10000000.0
127,2011-07-08,12833,3038,3059,3022,3038,3244.05,3088.15,-155.9000000000001,3267.5474133404437,3084.7536939631345,-182.79371937730912,-162.50793561496033,-20.285783762348785,40.0,40.0,0.0,11.072190197382278,16.588891070491755,0.6674460728166116,40.02804550609406,-8.0,0.0,0.0,0.0,10000000.0,10000000.0
128,2011-07-11,9409,3027,3052,3004,3027,3238.56,3080.15,-158.40999999999985,3262.7840982247913,3079.2533421571216,-183.5307560676697,-166.7124997055022,-16.81825636216749,-11.0,0.0,11.0,10.518580687513165,16.309446516967167,0.6449379306998797,39.20743261269894,-8.0,0.0,0.0,0.0,10000000.0,10000000.0
129,2011-07-12,12318,2991,3007,2980,2991,3232.69,3069.35,-163.34000000000015,3257.4022348936073,3070.8482619516813,-186.55397294192608,-170.680794352787,-15.873178589139087,-36.0,0.0,36.0,9.992651653137505,17.29397419111881,0.5778111810915709,36.621060112644535,-8.0,0.0,0.0,0.0,10000000.0,10000000.0
130,2011-07-13,9263,3024,3044,3004,3024,3227.62,3059.85,-167.76999999999998,3252.7804084600707,3066.3865227181877,-186.39388574188297,-173.82341263060619,-12.570473111276783,33.0,33.0,0.0,11.14301907048063,16.42927548156287,0.6782416597119855,40.41382573165197,-8.0,0.0,0.0,0.0,10000000.0,10000000.0
131,2011-07-14,12390,3074,3094,3058,3074,3222.96,3054.65,-168.30999999999995,3249.2402023519503,3067.1116157926463,-182.12858655930404,-175.48444741634574,-6.644139142958295,50.0,50.0,0.0,13.085868116956599,15.607811707484725,0.8384178616584201,45.605402294236356,-8.0,0.0,0.0,0.0,10000000.0,10000000.0
132,2011-07-15,9386,3075,3087,3064,3075,3219.75,3051.55,-168.19999999999982,3245.789901315278,3067.8628904790608,-177.92701083621705,-175.97296010032,-1.9540507358970558,1.0,1.0,0.0,12.481574711108768,14.827421122110488,0.8417899922257135,45.70499328256482,-8.0,0.0,0.0,0.0,10000000.0,10000000.0
133,2011-07-18,3425,3054,3097,3026,3054,3217.13,3046.4,-170.73000000000002,3241.9920814872526,3066.5426151953407,-175.4494662919119,-175.86826133863838,0.4187950467264727,-21.0,0.0,21.0,11.85749597555333,15.136050066004964,0.7833943415782463,43.92715190993415,-8.0,0.0,0.0,0.0,10000000.0,10000000.0
134,2011-07-19,1974,3053,3077,3019,3053,3214.05,3040.9,-173.1500000000001,3238.2496640320596,3065.252842319594,-172.9968217124656,-175.29397341340382,2.2971517009382296,-1.0,0.0,1.0,11.264621176775664,14.429247562704717,0.7806797359199337,43.841670131469165,-8.0,0.0,0.0,0.0,10000000.0,10000000.0
135,2011-07-20,1918,3089,3113,3039,3089,3210.93,3037.35,-173.57999999999993,3235.2942251403356,3067.5144763843946,-167.779748755941,-173.79112848191124,6.011379725970244,36.0,36.0,0.0,12.501390117936882,13.70778518456948,0.9119919775230643,47.69852532041092,-8.0,0.0,0.0,0.0,10000000.0,10000000.0
136,2011-07-21,1274,3103,3121,3087,3103,3208.07,3037.2,-170.87000000000035,3232.6745375137943,3070.894050062071,-161.78048745172327,-171.38900027587366,9.608512824150381,14.0,14.0,0.0,12.576320612040039,13.022395925341005,0.9657455267173283,49.128715471633946,-8.0,0.0,0.0,0.0,10000000.0,10000000.0
137,2011-07-22,1508,3097,3109,3079,3097,3204.42,3038.45,-165.97000000000025,3229.9879130085706,3073.3803310085405,-156.6075820000301,-168.43271662070495,11.825134620674845,-6.0,0.0,6.0,11.947504581438036,12.671276129073956,0.9428809268882364,48.530041848646725,-8.0,0.0,0.0,0.0,10000000.0,10000000.0
138,2011-07-25,1433,3059,3082,3043,3059,3200.22,3039.7,-160.51999999999998,3226.602013741074,3072.0107756743937,-154.5912380666805,-165.66442090990006,11.07318284321957,-38.0,0.0,38.0,11.350129352366135,13.937712322620257,0.8143466509884413,44.8837409623344,-8.0,0.0,0.0,0.0,10000000.0,10000000.0
139,2011-07-26,1121,3070,3084,3053,3071,3195.87,3042.45,-153.42000000000007,3223.5207857462015,3071.9145113244513,-151.6062744217502,-162.8527916122701,11.24651719051991,12.0,12.0,0.0,11.382622884747828,13.240826706489244,0.8596610420986235,46.22675975017995,-8.0,0.0,0.0,0.0,10000000.0,10000000.0
140,2011-07-27,2157,3090,3097,3082,3090,3191.22,3044.3,-146.91999999999962,3220.876809790831,3073.6369388173607,-147.23987097347026,-159.73020748451012,12.490336511039857,19.0,19.0,0.0,11.763491740510437,12.57878537116478,0.9351850272822607,48.325354635242185,-8.0,0.0,0.0,0.0,10000000.0,10000000.0
141,2011-07-28,3257,3065,3085,3043,3065,3187.1,3044.5,-142.5999999999999,3217.7901402900225,3072.8143732157073,-144.97576707431517,-156.77931940247112,11.803552328155945,-25.0,0.0,25.0,11.175317153484915,13.19984610260654,0.8466248065784763,45.84714791886432,-8.0,0.0,0.0,0.0,10000000.0,10000000.0
142,2011-07-29,1376,3056,3071,3039,3056,3183.12,3047.45,-135.67000000000007,3214.5863751357647,3071.2130043380207,-143.37337079774397,-154.09812968152568,10.724758883781703,-9.0,0.0,9.0,10.61655129581067,12.989853797476211,0.8172956725558644,44.97318102377974,-8.0,0.0,0.0,0.0,10000000.0,10000000.0
143,2011-08-01,1537,3081,3092,3065,3081,3180.43,3050.7,-129.73000000000002,3211.941100380601,3072.1450991629713,-139.7960012176295,-151.23770398874643,11.441702771116923,25.0,25.0,0.0,11.335723731020135,12.340361107602401,0.9185893048167488,47.87837097343178,-8.0,0.0,0.0,0.0,10000000.0,10000000.0
144,2011-08-02,1763,3073,3087,3063,3073,3178.06,3055.1,-122.96000000000004,3209.189791462173,3072.2265182903075,-136.9632731718657,-148.3828178253703,11.419544653504602,-8.0,0.0,8.0,10.768937544469129,12.123343052222282,0.888281185979895,47.04178554418711,-8.0,0.0,0.0,0.0,10000000.0,10000000.0
145,2011-08-03,2387,3091,3098,3081,3091,3177.07,3060.45,-116.62000000000035,3206.849399552031,3074.0144689293256,-132.83493062270554,-145.27324038483735,12.438309762131809,18.0,18.0,0.0,11.130490667245672,11.517175899611168,0.9664253428326514,49.146302266452075,-8.0,0.0,0.0,0.0,10000000.0,10000000.0
146,2011-08-04,1988,3063,3073,3050,3063,3175.54,3063.7,-111.84000000000015,3204.000896590605,3072.9654718884376,-131.03542470216735,-142.42567724830334,11.390252546135997,-28.0,0.0,28.0,10.573966133883388,12.341317104630608,0.8567939746006454,46.14372872385707,-8.0,0.0,0.0,0.0,10000000.0,10000000.0
147,2011-08-05,6298,2992,3007,2969,2992,3173.43,3061.4,-112.02999999999975,3199.802859034355,3065.254474565729,-134.54838446862595,-140.85021869236786,6.301834223741906,-71.0,0.0,71.0,10.045267827189218,15.274251249399077,0.6576602455445677,39.674007222663164,-8.0,0.0,0.0,0.0,10000000.0,10000000.0
148,2011-08-08,7547,2971,2988,2938,2971,3170.84,3058.6,-112.24000000000024,3195.2721093505065,3056.2778579404217,-138.99425141008487,-140.47902523591125,1.4847738258263803,-21.0,0.0,21.0,9.543004435829756,15.560538686929124,0.6132823951555028,38.0145718441556,-8.0,0.0,0.0,0.0,10000000.0,10000000.0
149,2011-08-09,6560,2892,2934,2854,2891,3166.77,3053.6,-113.17000000000007,3189.2469190663383,3040.5371095651435,-148.70980950119474,-142.12518208896796,-6.58462741222678,-80.0,0.0,80.0,9.065854214038268,18.782511752582668,0.48267528504496626,32.55434887958815,-3.0,0.0,0.0,0.0,10000000.0,10000000.0
150,2011-08-10,3266,2886,2913,2861,2886,3162.31,3046.7,-115.61000000000013,3183.242029579876,3025.8192896065584,-157.42273997331768,-145.1846936658379,-12.238046307479777,-5.0,0.0,5.0,8.612561503336355,18.093386164953536,0.47600606237093884,32.24960076426248,-3.0,0.0,0.0,0.0,10000000.0,10000000.0
151,2011-08-11,4293,2905,2926,2874,2905,3158.96,3038.25,-120.71000000000004,3177.7322864198786,3014.31269059641,-163.41959582346863,-148.83167409736404,-14.587921726104582,19.0,19.0,0.0,9.131933428169537,17.18871685670586,0.531274876670441,34.69493849632205,-7.0,0.0,0.0,0.0,10000000.0,10000000.0
152,2011-08-12,3560,2938,2957,2929,2938,3156.04,3031.4,-124.63999999999987,3172.9851124313664,3007.0448153015136,-165.94029712985275,-152.2533987038618,-13.686898425990961,33.0,33.0,0.0,10.325336756761061,16.329281013870567,0.6323203543371211,38.737515749100844,-8.0,0.0,0.0,0.0,10000000.0,10000000.0
153,2011-08-15,2762,2981,3006,2959,2981,3154.64,3027.75,-126.88999999999987,3169.1834270366858,3004.5643567013694,-164.61907033531634,-154.7265330301527,-9.892537305163643,43.0,43.0,0.0,11.959069918923008,15.51281696317704,0.7709154273727588,43.53202956261159,-8.0,0.0,0.0,0.0,10000000.0,10000000.0
154,2011-08-16,9381,2975,3004,2952,2975,3152.71,3023.85,-128.86000000000013,3165.338210659722,3001.7487036821913,-163.58950697753062,-156.49912781962828,-7.090379157902333,-6.0,0.0,6.0,11.361116422976858,15.037176115018188,0.7555352372065449,43.03731541206618,-8.0,0.0,0.0,0.0,10000000.0,10000000.0
155,2011-08-17,7633,2979,3001,2962,2979,3150.79,3018.35,-132.44000000000005,3161.6483451021036,2999.5821604743637,-162.06618462773986,-157.6125391812506,-4.453645446489247,4.0,4.0,0.0,10.993060601828015,14.28531730926728,0.7695356262542739,43.487998480325324,-8.0,0.0,0.0,0.0,10000000.0,10000000.0
156,2011-08-18,9050,2991,3002,2969,2991,3149.2,3012.75,-136.44999999999982,3158.2691699515667,2998.7648118577576,-159.50435809380906,-157.9909029637623,-1.513455130046765,12.0,12.0,0.0,11.043407571736614,13.571051443803915,0.8137473811418393,44.86553031599952,-8.0,0.0,0.0,0.0,10000000.0,10000000.0
157,2011-08-19,7968,2965,2982,2949,2965,3146.92,3006.15,-140.76999999999998,3154.442057675298,2995.549115490352,-158.89294218494615,-158.17131080799908,-0.721631376947073,-26.0,0.0,26.0,10.491237193149782,14.192498871613719,0.7392100072055109,42.50263074286482,-8.0,0.0,0.0,0.0,10000000.0,10000000.0
158,2011-08-22,5809,2983,2995,2972,2983,3144.61,3002.35,-142.26000000000022,3151.0471654441044,2994.353961634128,-156.69320380997624,-157.87568940839452,1.1824855984182818,18.0,18.0,0.0,10.866675333492292,13.482873928033033,0.8059613544927354,44.627829520699606,-8.0,0.0,0.0,0.0,10000000.0,10000000.0
159,2011-08-23,8190,3013,3029,2989,3013,3142.18,2999.45,-142.73000000000002,3148.3135582075874,2996.1297748118304,-152.18378339575702,-156.737308205867,4.553524810109991,30.0,30.0,0.0,11.823341566817678,12.808730231631381,0.923068981312428,47.999785253801214,-8.0,0.0,0.0,0.0,10000000.0,10000000.0
160,2011-08-24,8514,3007,3019,2992,3007,3139.51,2995.3,-144.21000000000004,3145.515269926249,2997.1650343535607,-148.35023557268823,-155.05989367923127,6.709658106543031,-6.0,0.0,6.0,11.232174488476794,12.468293720049811,0.9008589900649149,47.392205038531046,-8.0,0.0,0.0,0.0,10000000.0,10000000.0
161,2011-08-25,9550,2977,3002,2937,2977,3136.68,2990.9,-145.77999999999975,3142.1783338881055,2995.244554891317,-146.93377899678853,-153.43467074274272,6.500891745954192,-30.0,0.0,30.0,10.670565764052954,13.34487903404732,0.7996000366004604,44.43209715148412,-8.0,0.0,0.0,0.0,10000000.0,10000000.0
162,2011-08-26,9430,2932,2955,2912,2931,3133.25,2984.65,-148.5999999999999,3137.996584702202,2989.1260258540487,-148.87055884815345,-152.52184836382486,3.651289515671408,-46.0,0.0,46.0,10.137037475850306,14.977635082344955,0.6768116208011667,40.36300872472435,-8.0,0.0,0.0,0.0,10000000.0,10000000.0
163,2011-08-29,2262,2973,2983,2965,2972,3130.59,2979.2,-151.39000000000033,3134.7095236189903,2987.494975772711,-147.2145478462794,-151.46038826031577,4.2458404140363655,41.0,41.0,0.0,11.68018560205779,14.228753328227707,0.8208860841579183,45.08168255553136,-8.0,0.0,0.0,0.0,10000000.0,10000000.0
164,2011-09-02,5059,3011,3028,2993,3011,3128.05,2976.1,-151.95000000000027,3132.2598300819805,2989.733549508643,-142.52628057333732,-149.67356672292007,7.147286149582754,39.0,39.0,0.0,13.0461763219549,13.517315661816323,0.9651454954779005,49.11318259634452,-8.0,0.0,0.0,0.0,10000000.0,10000000.0
165,2011-09-05,5229,2995,3035,2969,2995,3124.81,2971.3,-153.50999999999976,3129.5418136447133,2990.2351162221057,-139.3066974226076,-147.60019286285757,8.293495440249956,-16.0,0.0,16.0,12.393867505857155,13.641449878725506,0.9085447379890303,47.6040576835696,-8.0,0.0,0.0,0.0,10000000.0,10000000.0
166,2011-09-06,9342,2955,2973,2937,2955,3121.68,2965.9,-155.77999999999975,3126.0855401071944,2986.8793908676193,-139.2061492395751,-145.92138413820106,6.715234898625965,-40.0,0.0,40.0,11.774174130564298,14.959377384789232,0.7870764823766219,44.04268592522094,-8.0,0.0,0.0,0.0,10000000.0,10000000.0
167,2011-09-07,7134,2990,3012,2954,2990,3119.33,2965.8,-153.52999999999975,3123.390776936755,2987.17659173737,-136.21418519938516,-143.97994435043788,7.76575915105272,35.0,35.0,0.0,12.935465424036085,14.211408515549769,0.9102169858731751,47.649926296572424,-8.0,0.0,0.0,0.0,10000000.0,10000000.0
168,2011-09-08,10538,3002,3035,2974,3002,3117.16,2967.35,-149.80999999999995,3120.9869991756314,2988.5883449052394,-132.39865427039194,-141.6636863344287,9.265032064036745,12.0,12.0,0.0,12.888692152834281,13.500838089772282,0.9546586713456152,48.840172728899745,-8.0,0.0,0.0,0.0,10000000.0,10000000.0
169,2011-09-09,6868,3004,3019,2992,3004,3115.58,2973.0,-142.57999999999993,3118.67042493453,2990.0561215809307,-128.6143033535991,-139.05380973826277,10.439506384663673,2.0,2.0,0.0,12.344257545192567,12.825796185283668,0.9624554582706047,49.04342945540071,-8.0,0.0,0.0,0.0,10000000.0,10000000.0
170,2011-09-12,5423,3025,3035,3012,3025,3114.35,2979.95,-134.4000000000001,3116.8155650348363,2993.3841100017944,-123.43145503304186,-135.92933879721858,12.49788376417672,21.0,21.0,0.0,12.77704466793294,12.184506376019485,1.0486304716520678,51.18690198952403,-8.0,0.0,0.0,0.0,10000000.0,10000000.0
171,2011-09-13,8688,2984,2999,2971,2984,3112.78,2983.9,-128.8800000000001,3114.1855538460277,2992.4903852397188,-121.69516860630893,-133.08250475903665,11.387336152727727,-41.0,0.0,41.0,12.138192434536291,13.62528105721851,0.89085813228826,47.113959375163176,-8.0,0.0,0.0,0.0,10000000.0,10000000.0
172,2011-09-14,11216,2971,3025,2948,2971,3110.45,2985.55,-124.89999999999964,3111.3501963441263,2990.443681883555,-120.90651446057109,-130.64730669934355,9.740792238772457,-13.0,0.0,13.0,11.531282812809476,13.594017004357585,0.8482616145847914,45.89510531902443,-8.0,0.0,0.0,0.0,10000000.0,10000000.0
173,2011-09-15,8145,3023,3046,2995,3023,3108.41,2987.65,-120.75999999999976,3109.6006875056287,2993.544283608931,-116.0564038966977,-127.72912613881438,11.672722242116677,52.0,52.0,0.0,13.554718672169003,12.914316154139707,1.0495885736717088,51.20972019235241,-8.0,0.0,0.0,0.0,10000000.0,10000000.0
174,2011-09-19,1024,3005,3020,2994,3005,3105.91,2989.15,-116.75999999999976,3107.529386762943,2994.6353042176042,-112.89408254533873,-124.76211742011925,11.86803487478052,-18.0,0.0,18.0,12.876982738560553,13.16860034643272,0.9778550794920916,49.44017838471777,-8.0,0.0,0.0,0.0,10000000.0,10000000.0
175,2011-09-20,747,3022,3035,2992,3022,3103.44,2991.3,-112.13999999999987,3105.8357355399144,2997.2414657206896,-108.59426981922479,-121.52854789994036,12.934278080715572,17.0,17.0,0.0,13.083133601632525,12.510170329111084,1.0457997978803022,51.1193616777105,-8.0,0.0,0.0,0.0,10000000.0,10000000.0
176,2011-09-21,1471,3026,3038,3011,3026,3101.49,2993.05,-108.4399999999996,3104.2548298856586,2999.9803737472907,-104.2744561383679,-118.07772954762586,13.803273409257969,4.0,4.0,0.0,12.628976921550898,11.88466181265553,1.0626282111033882,51.518165289465465,-8.0,0.0,0.0,0.0,10000000.0,10000000.0
177,2011-09-22,1196,2986,3009,2971,2986,3099.39,2994.1,-105.28999999999996,3101.9131500859426,2998.648909580882,-103.26424050506057,-115.11503173911281,11.850791234052238,-40.0,0.0,40.0,11.997528075473353,13.290428722022753,0.9027194175905692,47.443643515957326,-8.0,0.0,0.0,0.0,10000000.0,10000000.0
178,2011-09-23,1297,2946,2962,2920,2946,3096.68,2992.25,-104.42999999999984,3098.82576097533,2993.634727716036,-105.19103325929382,-113.13023204314901,7.93919878385519,-40.0,0.0,40.0,11.397651671699686,14.625907285921617,0.7792782662222031,43.797436354729456,-8.0,0.0,0.0,0.0,10000000.0,10000000.0
179,2011-09-26,3485,2884,2944,2836,2884,3093.9,2985.8,-108.09999999999991,3094.571785510472,2983.1933250764137,-111.37846043405852,-112.7798777213309,1.4014172872723805,-62.0,0.0,62.0,10.827769088114701,16.994611921625538,0.6371295289383121,38.91747828600308,-8.0,0.0,0.0,0.0,10000000.0,10000000.0
180,2011-09-27,1667,2900,2920,2868,2900,3090.94,2980.45,-110.49000000000024,3090.7188788667004,2975.2701512596122,-115.44872760708813,-113.31364769848236,-2.135079908605775,16.0,16.0,0.0,11.086380633708966,16.14488132554426,0.6866808377320316,40.71196057787471,-8.0,0.0,0.0,0.0,10000000.0,10000000.0
181,2011-09-28,2070,2876,2894,2857,2876,3088.07,2975.4,-112.67000000000007,3086.467019879241,2965.815851139649,-120.65116873959187,-114.78115190670425,-5.8700168328876146,-24.0,0.0,24.0,10.532061602023518,16.53763725926705,0.6368540703190088,38.90719899024911,-8.0,0.0,0.0,0.0,10000000.0,10000000.0
182,2011-09-29,3061,2850,2870,2822,2850,3084.78,2971.35,-113.43000000000029,3081.7845046341076,2954.7857700787304,-126.99873455537727,-117.22466843643886,-9.774066118938407,-26.0,0.0,26.0,10.00545852192234,17.0107553963037,0.5881842568905815,37.035013685512475,-8.0,0.0,0.0,0.0,10000000.0,10000000.0
183,2011-09-30,1488,2887,2897,2862,2887,3082.78,2967.1,-115.68000000000029,3077.927385730462,2948.3299824521846,-129.5974032782774,-119.69921540480657,-9.898187873470832,37.0,37.0,0.0,11.355185595826224,16.160217626488514,0.7026629132279585,41.26846880665472,-8.0,0.0,0.0,0.0,10000000.0,10000000.0
184,2011-10-03,3778,2813,2827,2799,2813,3079.59,2957.2,-122.39000000000033,3072.6812988843144,2935.4414126948336,-137.23988618948079,-123.20734956174141,-14.032536627739375,-74.0,0.0,74.0,10.787426316034914,19.05220674516409,0.5662035091432662,36.15133702854407,-8.0,0.0,0.0,0.0,10000000.0,10000000.0
185,2011-10-04,3031,2795,2832,2769,2795,3075.8,2947.2,-128.60000000000036,3067.1826593024466,2922.0660400572306,-145.11661924521604,-127.58920349843633,-17.52741574677971,-18.0,0.0,18.0,10.248055000233169,18.999596407905884,0.5393827732029546,35.038898875078004,-8.0,0.0,0.0,0.0,10000000.0,10000000.0
186,2011-10-05,3958,2779,2791,2751,2779,3071.84,2938.4,-133.44000000000005,3061.476071989527,2908.440702908923,-153.03536908060414,-132.6784366148699,-20.356932465734246,-16.0,0.0,16.0,9.73565225022151,18.84961658751059,0.5164907309930206,34.058284725209944,-5.0,0.0,0.0,0.0,10000000.0,10000000.0
187,2011-10-06,4824,2761,2780,2724,2761,3067.92,2926.95,-140.97000000000025,3055.526050762012,2894.3987312033114,-161.1273195587005,-138.368213203636,-22.75910635506449,-18.0,0.0,18.0,9.248869637710433,18.807135758135058,0.49177449222749503,32.96573944585853,-3.0,0.0,0.0,0.0,10000000.0,10000000.0
188,2011-10-07,2631,2759,2775,2741,2759,3063.8,2914.8,-149.0,3049.6542477766257,2881.503613945853,-168.15063383077268,-144.32469732906333,-23.82593650170935,-2.0,0.0,2.0,8.78642615582491,17.966778970228305,0.4890373600289947,32.8425178008611,-3.0,0.0,0.0,0.0,10000000.0,10000000.0
189,2011-10-10,2524,2767,2785,2748,2767,3059.49,2902.95,-156.53999999999996,3044.0571339592666,2870.598507855772,-173.45862610349468,-150.15148308394959,-23.307143019545094,8.0,8.0,0.0,8.747104848033665,17.06844002171689,0.5124724249494599,33.883092114329585,-4.0,0.0,0.0,0.0,10000000.0,10000000.0
190,2011-10-11,3577,2769,2801,2753,2769,3054.74,2890.15,-164.5899999999997,3038.610458039281,2860.9224594885554,-177.68799855072575,-155.65878617730482,-22.029212373420933,2.0,2.0,0.0,8.409749605631982,16.215018020631042,0.5186395472969507,34.15158970541002,-5.0,0.0,0.0,0.0,10000000.0,10000000.0
191,2011-10-12,4700,2835,2855,2821,2835,3050.33,2882.7,-167.6300000000001,3034.5785677810777,2858.4536538229786,-176.1249139580991,-159.7520117334637,-16.372902224635425,66.0,66.0,0.0,11.289262125350382,15.40426711959949,0.732865902525579,42.29213013294669,-8.0,0.0,0.0,0.0,10000000.0,10000000.0
192,2011-10-13,2415,2830,2845,2812,2830,3045.46,2875.65,-169.80999999999995,3030.5275070329376,2855.743782030314,-174.78372500262367,-162.7583543872957,-12.025370615327972,-5.0,0.0,5.0,10.724799019082862,14.884053763619516,0.7205563208389538,41.87926382366874,-8.0,0.0,0.0,0.0,10000000.0,10000000.0
193,2011-10-14,3830,2852,2885,2836,2853,3040.96,2867.15,-173.80999999999995,3027.0121108540675,2855.4824694559984,-171.5296413980691,-164.51261178945037,-7.017029608618714,23.0,23.0,0.0,11.33855906812872,14.13985107543854,0.801886738950471,44.502616153196115,-8.0,0.0,0.0,0.0,10000000.0,10000000.0
194,2011-10-17,13031,2890,2913,2843,2890,3036.71,2861.4,-175.30999999999995,3024.2989997480463,2858.769853317332,-165.52914643071426,-164.71591871770315,-0.8132277130111163,37.0,37.0,0.0,12.621631114722284,13.432858521666612,0.9396087284299277,48.44320994526154,-8.0,0.0,0.0,0.0,10000000.0,10000000.0
195,2011-10-18,13230,2809,2826,2784,2809,3031.65,2850.75,-180.9000000000001,3020.035653218382,2854.02986728711,-166.00578593127193,-164.9738921604169,-1.0318937708550209,-81.0,0.0,81.0,11.99054955898617,16.81121559558328,0.7132470279029901,41.63130104921312,-8.0,0.0,0.0,0.0,10000000.0,10000000.0
196,2011-10-19,11101,2832,2861,2817,2832,3026.42,2841.05,-185.3699999999999,3016.3121749368297,2851.9317846883378,-164.38039024849195,-164.85519177803192,0.4748015295399739,23.0,23.0,0.0,12.541022081036862,15.970654815804116,0.7852540941919687,43.985564673771876,-8.0,0.0,0.0,0.0,10000000.0,10000000.0
197,2011-10-20,12548,2815,2847,2789,2815,3020.94,2832.5,-188.44000000000005,3012.3257952351105,2848.414471860877,-163.9113233742337,-164.66641809727227,0.7550947230385816,-17.0,0.0,17.0,11.91397097698502,16.02212207501391,0.7435950694424275,42.64723400945477,-8.0,0.0,0.0,0.0,10000000.0,10000000.0
198,2011-10-21,9961,2847,2870,2834,2847,3015.8,2827.55,-188.25,3009.052017111643,2848.279760255079,-160.77225685656413,-163.88758584913063,3.1153289925665035,32.0,32.0,0.0,12.91827242813577,15.221015971263217,0.8487128883200076,45.90831240924943,-8.0,0.0,0.0,0.0,10000000.0,10000000.0
199,2011-10-24,11337,2868,2886,2842,2868,3011.13,2826.75,-184.3800000000001,3006.2589078619076,2850.157878326024,-156.10102953588375,-162.33027458648127,6.2292450505975125,21.0,21.0,0.0,13.322358806728982,14.459965172700056,0.9213271710972833,47.95264361827075,-8.0,0.0,0.0,0.0,10000000.0,10000000.0
200,2011-10-25,10502,2898,2918,2863,2898,3007.06,2826.65,-180.40999999999985,3004.115167112167,2854.7142708664023,-149.40089624576467,-159.74439891833794,10.343502672573265,30.0,30.0,0.0,14.156240866392533,13.736966914065054,1.0305215812886752,50.751569980096065,-8.0,0.0,0.0,0.0,10000000.0,10000000.0
201,2011-10-27,12548,2954,2974,2924,2954,3003.5,2830.55,-172.94999999999982,3003.1227875653913,2864.170054593412,-138.95273297197946,-155.58606572906623,16.633332757086777,56.0,56.0,0.0,16.248428823072906,13.050118568361802,1.2450790188577263,55.458137927421824,-8.0,0.0,0.0,0.0,10000000.0,10000000.0
202,2011-10-28,11948,2939,2966,2925,2939,2999.11,2835.0,-164.11000000000013,3001.8530293957797,2871.296716060706,-130.5563133350738,-150.58011525026774,20.02380191519393,-15.0,0.0,15.0,15.436007381919262,13.147612639943713,1.1740540130474475,54.00298272266635,-8.0,0.0,0.0,0.0,10000000.0,10000000.0
203,2011-10-31,8058,2907,2921,2899,2907,2994.69,2836.0,-158.69000000000005,2999.974751585962,2874.697028816829,-125.2777227691331,-145.51963675404082,20.24191398490771,-32.0,0.0,32.0,14.6642070128233,14.090232007946526,1.0407356674150623,50.998063298091445,-7.0,0.0,0.0,0.0,10000000.0,10000000.0
204,2011-11-01,8878,2904,2925,2881,2904,2990.63,2840.55,-150.07999999999993,2998.074261455547,2877.487787977131,-120.58647347841588,-140.53300409891582,19.946530620499942,-3.0,0.0,3.0,13.930996662182135,13.535720407549201,1.0292024541532698,50.71955496834482,-8.0,0.0,0.0,0.0,10000000.0,10000000.0
205,2011-11-02,11335,2912,2933,2889,2912,2986.98,2846.4,-140.57999999999993,2996.3698206346453,2880.7746653126424,-115.59515532200294,-135.54543434353326,19.95027902153032,8.0,8.0,0.0,13.634446829073028,12.85893438717174,1.0603092308080326,51.46359657827625,-8.0,0.0,0.0,0.0,10000000.0,10000000.0
206,2011-11-03,8876,2918,2945,2901,2918,2983.54,2853.35,-130.19000000000005,2994.8179429983156,2884.319935282867,-110.4980077154487,-130.53594901791635,20.037941302467658,6.0,6.0,0.0,13.252724487619378,12.215987667813152,1.0848672123775824,52.03531457240386,-8.0,0.0,0.0,0.0,10000000.0,10000000.0
207,2011-11-04,6679,2971,2987,2955,2971,2981.23,2863.85,-117.38000000000011,2994.3463005627054,2892.5751795416413,-101.77112102106412,-124.78298341854591,23.011862397481792,53.0,53.0,0.0,15.240088263238409,11.605188284422495,1.313213356796201,56.770092258804894,-3.0,0.0,0.0,0.0,10000000.0,10000000.0
208,2011-11-08,11405,2990,3015,2951,2991,2979.27,2875.45,-103.82000000000016,2994.2800371852263,2901.948971966247,-92.33106521897935,-118.29259977863259,25.961534559653245,20.0,20.0,0.0,15.478083850076487,11.02492887020137,1.403916889832395,58.401224092663135,-1.0,0.0,0.0,0.0,10000000.0,10000000.0
209,2011-11-09,9764,3011,3035,2994,3011,2977.31,2887.65,-89.65999999999985,2994.611125557796,2912.334784159938,-82.27634139785823,-111.08934810247771,28.813006704619482,20.0,20.0,0.0,15.704179657572663,10.473682426691301,1.4993942930283888,59.99030633984721,0.0,0.0,0.0,0.0,10000000.0,10000000.0
210,2011-11-10,12406,3018,3097,2968,3018,2975.35,2900.1,-75.25,2995.074271586355,2922.398138049468,-72.67613353688694,-103.40670518935956,30.73057165247262,7.0,7.0,0.0,15.268970674694028,9.949998305356736,1.5345701784163863,60.5455785554612,0.0,0.0,0.0,0.0,10000000.0,10000000.0
211,2011-11-11,9897,3098,3127,3067,3098,2974.55,2913.25,-61.30000000000018,2997.1124048222687,2939.1221249018995,-57.990279920369176,-94.32342013556148,36.3331402151923,80.0,80.0,0.0,18.505522140959325,9.4524983900889,1.9577387244374111,66.19038755053629,0.0,0.0,0.0,0.0,10000000.0,10000000.0
212,2011-11-14,6819,3141,3165,3129,3141,2974.59,2928.8,-45.789999999999964,2999.961664132719,2958.3485891969567,-41.61307493576214,-83.78135109560161,42.168276159839465,43.0,43.0,0.0,19.73024603391136,8.979873470584455,2.1971630333703596,68.72227066425737,-1.0,0.0,0.0,0.0,10000000.0,10000000.0
213,2011-11-15,12853,3153,3176,3130,3153,2974.55,2943.8,-30.75,3002.9921262291004,2976.8868187972466,-26.105307431853817,-72.24614236285205,46.14083493099824,12.0,12.0,0.0,19.343733732215792,8.530879797055231,2.267495755700724,69.3955226030417,-1.0,0.0,0.0,0.0,10000000.0,10000000.0
214,2011-11-16,2938,3157,3215,3125,3157,2974.49,2957.15,-17.33999999999969,3006.041787095851,2994.0404551022707,-12.001331993580152,-60.19718028899767,48.19584829541752,4.0,4.0,0.0,18.576547045605004,8.104335807202471,2.2921739038868165,69.62493388276431,1.0,0.0,0.0,0.0,10000000.0,10000000.0
215,2011-11-17,1520,3206,3226,3176,3206,2974.95,2977.0,2.050000000000182,3010.00135566821,3014.227078425864,4.225722757653784,-47.31259967966738,51.53832243732116,49.0,49.0,0.0,20.097719693324755,7.699119016842348,2.61039213049696,72.30217760688635,0.0,0.0,0.0,0.0,10000000.0,10000000.0
216,2011-11-18,2668,3192,3230,3142,3192,2975.81,2995.0,19.190000000000055,3013.6052892193347,3031.157832861496,17.552543642161254,-34.33957101530165,51.892114657462905,-14.0,0.0,14.0,19.092833708658517,8.014163066000231,2.382386476469278,70.43507573848109,1.0,0.0,0.0,0.0,10000000.0,10000000.0
217,2011-11-21,1367,3182,3216,3153,3182,2976.91,3013.35,36.440000000000055,3016.9398379476647,3045.5237535413535,28.583915593688744,-21.75487369350357,50.33878928719231,-10.0,0.0,10.0,18.138192023225592,8.113454912700218,2.2355694606539775,69.09353941677152,8.0,8.0,51.456,8.0,9356748.544,9987348.544
218,2011-11-22,2093,3134,3175,3110,3134,2977.91,3027.7,49.789999999999964,3019.257860958602,3053.9500627278912,34.69220176928911,-10.465458600945032,45.15766037023415,-48.0,0.0,48.0,17.231282422064314,10.107782167065206,1.7047540337988325,63.02806142429528,8.0,8.0,50.800000000000004,16.0,8721697.743999999,9965697.743999999
219,2011-11-23,1838,3114,3145,3092,3114,2978.89,3040.0,61.11000000000013,3021.133942919818,3059.669104372854,38.535161453035926,-0.6653345901488397,39.20049604318476,-20.0,0.0,20.0,16.3697183009611,10.602393058711947,1.5439644814441362,60.69127508288447,8.0,8.0,50.32,24.0,8092647.423999999,9947847.423999999
220,2011-11-24,1944,3075,3095,3055,3075,2979.11,3048.85,69.73999999999978,3022.2005975154652,3061.129189670677,38.928592155211845,7.2534507589232975,31.67514139628855,-39.0,0.0,39.0,15.551232385913044,12.02227340577635,1.2935350795167522,56.39918443232619,8.0,8.0,49.52,32.0,7473597.903999999,9917597.904
221,2011-11-25,1574,3047,3079,3013,3047,2978.97,3053.5,74.5300000000002,3022.6916747923865,3059.783552559184,37.09187776679755,13.221136160498148,23.870741606299404,-28.0,0.0,28.0,14.773670766617391,12.821159735487532,1.1522881760630068,53.53782030112655,8.0,8.0,49.264,40.0,6857748.639999999,9870748.639999999
222,2011-11-29,2573,3042,3067,3019,3041,2979.41,3058.6,79.19000000000005,3023.0542158856065,3057.9946427916425,34.94042690603601,17.56499430960572,17.37543259643029,-6.0,0.0,6.0,14.034987228286521,12.480101748713157,1.1245891668899006,52.932076677023666,8.0,8.0,49.072,48.0,6244299.567999999,9867099.568
223,2011-11-30,2242,3006,3050,2975,3006,2979.31,3063.55,84.24000000000024,3022.716508640347,3053.0427720495813,30.326263409234343,20.117248129531443,10.2090152797029,-35.0,0.0,35.0,13.333237866872196,13.6060966612775,0.9799458433084743,49.49356804987112,8.0,8.0,48.800000000000004,56.0,5634250.767999999,9799250.768
224,2011-12-01,1765,3028,3040,3011,3028,2979.74,3069.75,90.01000000000022,3022.8211322316274,3050.6577461400975,27.8366139084701,21.661121285319176,6.175492623150923,22.0,22.0,0.0,13.766575973528585,12.925791828213624,1.065047012708324,51.57495234510459,8.0,8.0,48.64,64.0,5026202.128,9843802.127999999
225,2011-12-02,1186,3022,3041,3003,3022,2980.12,3075.25,95.13000000000011,3022.8048721874366,3047.928436983898,25.123564796461324,22.353609987547607,2.7699548089137167,-6.0,0.0,6.0,13.078247174852157,12.579502236802943,1.039647430292597,50.97191871751358,8.0,8.0,48.656,72.0,4417953.471999999,9823353.472
226,2011-12-05,2099,3070,3099,3041,3070,2980.84,3082.85,102.00999999999976,3023.7394291738237,3050.030490604479,26.29106143065519,23.141100276169123,3.1499611544860677,48.0,48.0,0.0,14.82433481610955,11.950527124962797,1.2404753916790678,55.36661533021458,8.0,8.0,49.584,80.0,3798103.8879999993,9880103.888
227,2011-12-06,2063,3068,3079,3054,3068,2981.14,3087.7,106.55999999999995,3024.6158761208767,3051.7418724516715,27.125996330794806,23.93807948709426,3.1879168437005454,-2.0,0.0,2.0,14.083118075304071,11.453000768714656,1.2296443840092912,55.14979845342759,8.0,8.0,49.264,88.0,3182254.6239999994,9901054.624
228,2011-12-07,2452,3078,3092,3064,3078,2981.65,3092.05,110.40000000000009,3025.6729874848197,3054.2426465038934,28.569659019073697,24.86439539349015,3.705263625583548,10.0,10.0,0.0,13.878962171538868,10.880350730278924,1.275598784965186,56.05552232638853,8.0,8.0,49.472,96.0,2563805.1519999993,9917405.151999999
229,2011-12-08,2236,3066,3083,3051,3066,2982.4,3094.8,112.40000000000009,3026.4715421880906,3055.3623944559035,28.89085226781299,25.669686768354715,3.221165499458273,-12.0,0.0,12.0,13.185014062961923,10.936333193764977,1.2056156144254058,54.6611842308473,8.0,8.0,49.328,104.0,1947155.823999999,9879755.824
230,2011-12-09,1513,3046,3064,3031,3046,2982.62,3096.2,113.57999999999993,3026.8582443229798,3054.470737841056,27.612493518076008,26.058248118298973,1.5542453997770345,-20.0,0.0,20.0,12.525763359813826,11.389516534076728,1.0997625160240576,52.37556664772166,8.0,8.0,49.024,112.0,1334306.799999999,9821106.799999999
231,2011-12-12,2781,2995,3031,2962,2995,2981.83,3091.05,109.22000000000025,3026.2273879997524,3048.8068580466697,22.579470046917322,25.362492504022644,-2.7830224571053215,-51.0,0.0,51.0,11.899475191823134,13.37004070737289,0.8900103935555846,47.09023805320199,8.0,8.0,48.496,120.0,728058.3039999991,9614058.304
232,2011-12-13,2327,2972,2989,2946,2972,2980.8,3082.6,101.79999999999973,3025.153578336391,3041.491919185082,16.338340848691132,23.55766217295634,-7.219321324265209,-23.0,0.0,23.0,11.304501432231977,13.851538672004244,0.8161188226027076,44.93752349491732,8.0,8.0,47.824,128.0,130210.47999999905,9557410.479999999
233,2011-12-14,2195,2979,3018,2948,2979,2980.05,3073.9,93.84999999999991,3024.2396460921063,3035.540307834122,11.300661742015564,21.106262086768186,-9.805600344752623,7.0,7.0,0.0,11.089276360620378,13.158961738404031,0.8427166657272558,45.73229739552309,8.0,1.0,30.0,129.0,54730.47999999905,9562030.479999999
234,2011-12-15,4781,2968,2991,2936,2967,2979.19,3064.4,85.21000000000004,3023.106187753649,3029.0126594689673,5.9064717153182755,18.066304012478206,-12.15983229715993,-12.0,0.0,12.0,10.534812542589359,13.101013651483829,0.8041219422282015,44.5713742184778,8.0,0.0,0.0,129.0,54730.47999999905,9523330.479999999
235,2011-12-16,9203,2962,2980,2942,2962,2977.92,3052.2,74.27999999999975,3021.896164233775,3022.630501424304,0.7343371905290041,14.599910648088365,-13.86557345755936,-5.0,0.0,5.0,10.00807191545989,12.695962968909637,0.7882877368158715,44.08058728957421,8.0,0.0,0.0,129.0,54730.47999999905,9542680.479999999
236,2011-12-19,8220,2969,2985,2949,2969,2976.58,3041.05,64.47000000000025,3020.8487154370664,3017.522834621989,-3.3258808150771983,11.014752355455252,-14.34063317053245,7.0,7.0,0.0,9.857668319686896,12.061164820464155,0.8173064928987132,44.97350865648756,8.0,0.0,0.0,129.0,54730.47999999905,9565255.479999999
237,2011-12-20,7514,2974,2985,2962,2974,2975.35,3030.65,55.30000000000018,3019.921018101679,3013.3778027532285,-6.543215348450303,7.5031588146741415,-14.046374163124444,5.0,5.0,0.0,9.614784903702551,11.458106579440948,0.8391251064948347,45.62632001115534,8.0,0.0,0.0,129.0,54730.47999999905,9607180.479999999
238,2011-12-21,10860,3015,3037,2991,3015,2974.91,3024.7,49.789999999999964,3019.8235721986753,3013.5322977291116,-6.291274469563632,4.744272157826587,-11.035546627390218,41.0,41.0,0.0,11.184045658517423,10.8852012504689,1.0274541922718838,50.67706072907916,8.0,0.0,0.0,129.0,54730.47999999905,9700705.479999999
239,2011-12-22,8288,3048,3062,3030,3048,2974.68,3021.4,46.720000000000255,3020.381521264048,3016.8149360406246,-3.566585223423317,3.0821006815766063,-6.648685904999923,33.0,33.0,0.0,12.274843375591551,10.340941187945454,1.1870141365759306,54.27555847601257,8.0,0.0,0.0,129.0,54730.47999999905,9826480.479999999
240,2011-12-23,8906,3103,3143,3077,3104,2974.82,3022.85,48.029999999999745,3022.037332724166,3025.118275465327,3.080942741160925,3.08186909349347,-0.0009263523325451217,56.0,56.0,0.0,14.461101206811975,9.823894128548181,1.4720334948223939,59.54747368534963,8.0,0.0,0.0,129.0,54730.47999999905,9978055.479999999
241,2011-12-27,5750,3120,3141,3104,3120,2975.37,3026.5,51.13000000000011,3023.977187521707,3034.154630182915,10.177442661207806,4.500983807036337,5.676458854171469,16.0,16.0,0.0,14.538046146471377,9.332699422120772,1.5577536025656913,60.90319259068205,8.0,0.0,0.0,129.0,54730.47999999905,10065130.479999999
242,2011-12-28,6379,3159,3170,3146,3159,2976.4,3032.4,56.0,3026.650906580683,3046.0446654035895,19.39375882290642,7.479538810210354,11.914220012696067,39.0,39.0,0.0,15.76114383914781,8.866064451014733,1.7776933526965197,63.99890581769138,8.0,0.0,0.0,129.0,54730.47999999905,10200580.479999999
243,2011-12-29,7055,3127,3143,3104,3127,2976.86,3038.45,61.58999999999969,3028.638017341462,3053.7546972699142,25.116679928452413,11.006967033858766,14.109712894593647,-32.0,0.0,32.0,14.973086647190419,10.022761228463995,1.4939083458027334,59.902295459935104,8.0,0.0,0.0,129.0,54730.47999999905,10065130.479999999
244,2011-12-30,6699,3135,3144,3119,3135,2977.48,3043.8,66.32000000000016,3030.7441952158883,3061.49234514897,30.74814993308155,14.955203613703324,15.792946319378226,8.0,8.0,0.0,14.624432314830898,9.521623167040795,1.535917989850043,60.56654812961309,8.0,0.0,0.0,129.0,54730.47999999905,10113505.479999999
