Date,Volume ,Open,High,Low,Close
2011-01-03,6729,3654,3669,3628,3654
2011-01-04,6776,3647,3713,3614,3647
2011-01-05,13129,3633,3659,3598,3633
2011-01-06,11863,3685,3702,3653,3685
2011-01-07,17658,3602,3655,3567,3601
2011-01-10,10650,3573,3615,3538,3573
2011-01-11,11125,3543,3567,3508,3542
2011-01-12,7160,3486,3542,3421,3486
2011-01-13,2944,3472,3516,3448,3472
2011-01-14,2368,3483,3508,3452,3483
2011-01-17,1227,3470,3505,3429,3470
2011-01-18,1837,3464,3487,3423,3464
2011-01-19,3281,3538,3551,3509,3538
2011-01-21,1260,3583,3614,3527,3583
2011-01-24,1810,3608,3652,3561,3608
2011-01-25,3190,3523,3552,3501,3523
2011-01-26,1781,3464,3503,3428,3464
2011-01-27,1833,3513,3532,3477,3513
2011-01-28,1172,3521,3533,3495,3521
2011-01-31,1910,3583,3631,3556,3583
2011-02-02,864,3716,3730,3676,3717
2011-02-07,2994,3713,3746,3697,3713
2011-02-08,2860,3676,3724,3656,3676
2011-02-09,3433,3745,3772,3707,3745
2011-02-10,2578,3753,3801,3722,3753
2011-02-11,1902,3758,3791,3738,3758
2011-02-14,3260,3761,3778,3743,3760
2011-02-16,11703,3653,3693,3612,3652
2011-02-17,16742,3576,3651,3519,3576
2011-02-18,16129,3578,3656,3531,3578
2011-02-21,11407,3531,3549,3492,3531
2011-02-22,13795,3540,3575,3510,3540
2011-02-23,16587,3396,3429,3374,3396
2011-02-24,27351,3316,3421,3207,3316
2011-02-25,16027,3360,3412,3294,3361
2011-02-28,16891,3402,3462,3318,3401
2011-03-01,13506,3389,3433,3321,3389
2011-03-02,20891,3461,3500,3377,3462
2011-03-03,14839,3479,3519,3435,3479
2011-03-04,10593,3506,3536,3458,3506
2011-03-07,8414,3555,3571,3531,3555
2011-03-08,13849,3477,3536,3442,3477
2011-03-09,8931,3454,3490,3428,3454
2011-03-10,16952,3350,3403,3312,3350
2011-03-11,19837,3310,3354,3227,3310
2011-03-14,19886,3190,3230,3152,3190
2011-03-15,16991,3216,3291,3121,3216
2011-03-16,5983,3203,3254,3161,3203
2011-03-17,2889,3230,3256,3201,3230
2011-03-18,1272,3298,3334,3271,3298
2011-03-21,2187,3332,3366,3306,3332
2011-03-22,2340,3240,3286,3186,3240
2011-03-23,1862,3230,3256,3199,3230
2011-03-24,3898,3122,3181,3061,3121
2011-03-25,3715,3168,3218,3113,3168
2011-03-28,2484,3171,3198,3150,3171
2011-03-29,2235,3150,3181,3117,3150
2011-03-30,2743,3193,3216,3170,3193
2011-03-31,3406,3214,3231,3184,3214
2011-04-01,2364,3256,3273,3235,3256
2011-04-04,1892,3273,3286,3248,3274
2011-04-05,2186,3260,3296,3234,3260
2011-04-06,1473,3275,3290,3256,3274
2011-04-07,1869,3238,3257,3215,3238
2011-04-08,3600,3264,3296,3219,3265
2011-04-11,4061,3319,3351,3277,3319
2011-04-12,3376,3268,3287,3245,3268
2011-04-13,4570,3225,3248,3202,3225
2011-04-14,3516,3219,3258,3179,3219
2011-04-15,2955,3162,3206,3125,3162
2011-04-18,9160,3148,3171,3123,3148
2011-04-19,9320,3141,3165,3118,3141
2011-04-20,15899,3204,3242,3171,3204
2011-04-21,8751,3227,3238,3206,3227
2011-04-22,13041,3255,3281,3222,3255
2011-04-25,7275,3269,3290,3249,3269
2011-04-26,8646,3221,3248,3197,3221
2011-04-27,9633,3196,3226,3183,3196
2011-04-28,8564,3217,3230,3194,3217
2011-04-29,10743,3162,3181,3143,3162
2011-05-03,6142,3196,3211,3177,3196
2011-05-04,10428,3163,3178,3134,3163
2011-05-05,9053,3180,3197,3135,3179
2011-05-06,17841,3087,3108,3054,3087
2011-05-09,11427,3132,3158,3098,3132
2011-05-10,8718,3174,3188,3149,3174
2011-05-11,8817,3175,3189,3163,3175
2011-05-12,12155,3153,3183,3123,3153
2011-05-13,11965,3171,3198,3135,3171
2011-05-16,2961,3198,3219,3161,3198
2011-05-18,3275,3244,3251,3226,3244
2011-05-19,2806,3276,3302,3255,3276
2011-05-20,2251,3317,3341,3283,3317
2011-05-23,1745,3303,3336,3282,3303
2011-05-24,2609,3315,3324,3306,3315
2011-05-25,1705,3315,3356,3284,3315
2011-05-26,1081,3355,3376,3336,3355
2011-05-27,2507,3363,3376,3345,3363
2011-05-30,1503,3361,3382,3329,3361
2011-05-31,2690,3335,3356,3308,3335
2011-06-01,2155,3305,3329,3285,3305
2011-06-02,2303,3310,3342,3277,3310
2011-06-03,2955,3378,3402,3359,3378
2011-06-06,1523,3349,3375,3327,3349
2011-06-07,2986,3310,3336,3288,3310
2011-06-08,2731,3277,3319,3258,3277
2011-06-09,3911,3263,3294,3160,3262
2011-06-10,3640,3202,3242,3177,3202
2011-06-13,5414,3187,3211,3149,3187
2011-06-14,3562,3207,3225,3187,3207
2011-06-15,3636,3214,3232,3192,3214
2011-06-16,10890,3178,3214,3142,3178
2011-06-17,14112,3137,3163,3112,3137
2011-06-20,11078,3157,3170,3138,3157
2011-06-21,7859,3163,3179,3152,3163
2011-06-22,13951,3160,3186,3127,3160
2011-06-23,12639,3106,3127,3079,3106
2011-06-24,16635,3072,3095,3052,3072
2011-06-27,15299,3035,3050,2987,3034
2011-06-28,11427,3016,3033,2994,3016
2011-06-29,8610,3053,3064,3036,3053
2011-06-30,12393,3061,3085,3014,3061
2011-07-01,13138,2997,3014,2980,2997
2011-07-04,10443,3016,3033,2994,3016
2011-07-05,13149,2985,3005,2972,2985
2011-07-06,12612,2984,3000,2965,2984
2011-07-07,9603,2998,3013,2980,2998
2011-07-08,12833,3038,3059,3022,3038
2011-07-11,9409,3027,3052,3004,3027
2011-07-12,12318,2991,3007,2980,2991
2011-07-13,9263,3024,3044,3004,3024
2011-07-14,12390,3074,3094,3058,3074
2011-07-15,9386,3075,3087,3064,3075
2011-07-18,3425,3054,3097,3026,3054
2011-07-19,1974,3053,3077,3019,3053
2011-07-20,1918,3089,3113,3039,3089
2011-07-21,1274,3103,3121,3087,3103
2011-07-22,1508,3097,3109,3079,3097
2011-07-25,1433,3059,3082,3043,3059
2011-07-26,1121,3070,3084,3053,3071
2011-07-27,2157,3090,3097,3082,3090
2011-07-28,3257,3065,3085,3043,3065
2011-07-29,1376,3056,3071,3039,3056
2011-08-01,1537,3081,3092,3065,3081
2011-08-02,1763,3073,3087,3063,3073
2011-08-03,2387,3091,3098,3081,3091
2011-08-04,1988,3063,3073,3050,3063
2011-08-05,6298,2992,3007,2969,2992
2011-08-08,7547,2971,2988,2938,2971
2011-08-09,6560,2892,2934,2854,2891
2011-08-10,3266,2886,2913,2861,2886
2011-08-11,4293,2905,2926,2874,2905
2011-08-12,3560,2938,2957,2929,2938
2011-08-15,2762,2981,3006,2959,2981
2011-08-16,9381,2975,3004,2952,2975
2011-08-17,7633,2979,3001,2962,2979
2011-08-18,9050,2991,3002,2969,2991
2011-08-19,7968,2965,2982,2949,2965
2011-08-22,5809,2983,2995,2972,2983
2011-08-23,8190,3013,3029,2989,3013
2011-08-24,8514,3007,3019,2992,3007
2011-08-25,9550,2977,3002,2937,2977
2011-08-26,9430,2932,2955,2912,2931
2011-08-29,2262,2973,2983,2965,2972
2011-09-02,5059,3011,3028,2993,3011
2011-09-05,5229,2995,3035,2969,2995
2011-09-06,9342,2955,2973,2937,2955
2011-09-07,7134,2990,3012,2954,2990
2011-09-08,10538,3002,3035,2974,3002
2011-09-09,6868,3004,3019,2992,3004
2011-09-12,5423,3025,3035,3012,3025
2011-09-13,8688,2984,2999,2971,2984
2011-09-14,11216,2971,3025,2948,2971
2011-09-15,8145,3023,3046,2995,3023
2011-09-19,1024,3005,3020,2994,3005
2011-09-20,747,3022,3035,2992,3022
2011-09-21,1471,3026,3038,3011,3026
2011-09-22,1196,2986,3009,2971,2986
2011-09-23,1297,2946,2962,2920,2946
2011-09-26,3485,2884,2944,2836,2884
2011-09-27,1667,2900,2920,2868,2900
2011-09-28,2070,2876,2894,2857,2876
2011-09-29,3061,2850,2870,2822,2850
2011-09-30,1488,2887,2897,2862,2887
2011-10-03,3778,2813,2827,2799,2813
2011-10-04,3031,2795,2832,2769,2795
2011-10-05,3958,2779,2791,2751,2779
2011-10-06,4824,2761,2780,2724,2761
2011-10-07,2631,2759,2775,2741,2759
2011-10-10,2524,2767,2785,2748,2767
2011-10-11,3577,2769,2801,2753,2769
2011-10-12,4700,2835,2855,2821,2835
2011-10-13,2415,2830,2845,2812,2830
2011-10-14,3830,2852,2885,2836,2853
2011-10-17,13031,2890,2913,2843,2890
2011-10-18,13230,2809,2826,2784,2809
2011-10-19,11101,2832,2861,2817,2832
2011-10-20,12548,2815,2847,2789,2815
2011-10-21,9961,2847,2870,2834,2847
2011-10-24,11337,2868,2886,2842,2868
2011-10-25,10502,2898,2918,2863,2898
2011-10-27,12548,2954,2974,2924,2954
2011-10-28,11948,2939,2966,2925,2939
2011-10-31,8058,2907,2921,2899,2907
2011-11-01,8878,2904,2925,2881,2904
2011-11-02,11335,2912,2933,2889,2912
2011-11-03,8876,2918,2945,2901,2918
2011-11-04,6679,2971,2987,2955,2971
2011-11-08,11405,2990,3015,2951,2991
2011-11-09,9764,3011,3035,2994,3011
2011-11-10,12406,3018,3097,2968,3018
2011-11-11,9897,3098,3127,3067,3098
2011-11-14,6819,3141,3165,3129,3141
2011-11-15,12853,3153,3176,3130,3153
2011-11-16,2938,3157,3215,3125,3157
2011-11-17,1520,3206,3226,3176,3206
2011-11-18,2668,3192,3230,3142,3192
2011-11-21,1367,3182,3216,3153,3182
2011-11-22,2093,3134,3175,3110,3134
2011-11-23,1838,3114,3145,3092,3114
2011-11-24,1944,3075,3095,3055,3075
2011-11-25,1574,3047,3079,3013,3047
2011-11-29,2573,3042,3067,3019,3041
2011-11-30,2242,3006,3050,2975,3006
2011-12-01,1765,3028,3040,3011,3028
2011-12-02,1186,3022,3041,3003,3022
2011-12-05,2099,3070,3099,3041,3070
2011-12-06,2063,3068,3079,3054,3068
2011-12-07,2452,3078,3092,3064,3078
2011-12-08,2236,3066,3083,3051,3066
2011-12-09,1513,3046,3064,3031,3046
2011-12-12,2781,2995,3031,2962,2995
2011-12-13,2327,2972,2989,2946,2972
2011-12-14,2195,2979,3018,2948,2979
2011-12-15,4781,2968,2991,2936,2967
2011-12-16,9203,2962,2980,2942,2962
2011-12-19,8220,2969,2985,2949,2969
2011-12-20,7514,2974,2985,2962,2974
2011-12-21,10860,3015,3037,2991,3015
2011-12-22,8288,3048,3062,3030,3048
2011-12-23,8906,3103,3143,3077,3104
2011-12-27,5750,3120,3141,3104,3120
2011-12-28,6379,3159,3170,3146,3159
2011-12-29,7055,3127,3143,3104,3127
2011-12-30,6699,3135,3144,3119,3135
2012-01-03,11077,3193,3209,3174,3193
2012-01-04,11851,3182,3206,3162,3182
2012-01-05,10248,3176,3197,3157,3176
2012-01-06,9998,3159,3180,3141,3160
2012-01-09,8894,3170,3183,3151,3170
2012-01-10,9354,3189,3205,3173,3189
2012-01-11,7995,3177,3198,3159,3177
2012-01-12,7473,3176,3187,3163,3176
2012-01-13,5698,3127,3151,3110,3127
2012-01-16,1223,3093,3106,3072,3093
2012-01-17,1749,3124,3141,3106,3124
2012-01-18,2789,3121,3149,3109,3121
2012-01-19,3030,3129,3146,3121,3129
2012-01-20,1851,3136,3150,3119,3136
2012-01-25,689,3144,3162,3134,3144
2012-01-26,2622,3106,3125,3096,3106
2012-01-27,3057,3103,3117,3094,3104
2012-01-30,2515,3075,3095,3050,3075
2012-01-31,1275,3042,3056,3014,3042
2012-02-02,2891,3038,3081,3008,3038
2012-02-03,2899,3036,3057,3025,3036
2012-02-08,2387,3108,3130,3075,3109
2012-02-09,2967,3123,3136,3109,3123
2012-02-10,3592,3103,3116,3095,3103
2012-02-13,2186,3140,3145,3128,3141
2012-02-14,3955,3157,3182,3136,3158
2012-02-15,4403,3176,3191,3161,3176
2012-02-16,8743,3164,3178,3145,3164
2012-02-17,14285,3205,3231,3180,3205
2012-02-20,8950,3232,3252,3217,3232
2012-02-21,12275,3230,3250,3206,3230
2012-02-22,11843,3249,3270,3225,3248
2012-02-23,9490,3231,3249,3222,3231
2012-02-24,7799,3247,3257,3227,3247
2012-02-27,9235,3260,3276,3242,3260
2012-02-28,12429,3273,3297,3266,3273
2012-02-29,8902,3248,3264,3236,3248
2012-03-01,10624,3225,3261,3209,3225
2012-03-02,8425,3242,3259,3232,3242
2012-03-05,6660,3224,3247,3212,3224
2012-03-06,7019,3214,3240,3198,3214
2012-03-07,8946,3219,3250,3200,3219
2012-03-08,10319,3263,3286,3231,3263
2012-03-09,14276,3326,3344,3296,3326
2012-03-12,13198,3308,3325,3285,3308
2012-03-13,10302,3320,3346,3297,3320
2012-03-14,11604,3357,3371,3334,3357
2012-03-15,9340,3376,3391,3359,3376
2012-03-16,3664,3380,3398,3362,3380
2012-03-19,1687,3364,3388,3346,3364
2012-03-20,2156,3340,3355,3325,3340
2012-03-21,1396,3338,3352,3323,3338
2012-03-22,2406,3328,3359,3310,3328
2012-03-23,3689,3370,3409,3334,3370
2012-03-26,1350,3429,3448,3405,3429
2012-03-27,1620,3445,3464,3421,3445
2012-03-28,2016,3447,3463,3432,3447
2012-03-29,2692,3428,3443,3414,3428
2012-03-30,1651,3400,3411,3390,3400
2012-04-02,2577,3482,3494,3465,3482
2012-04-03,2426,3502,3524,3483,3502
2012-04-04,1606,3506,3523,3490,3506
2012-04-05,2012,3508,3520,3488,3508
2012-04-06,1670,3547,3564,3524,3547
2012-04-09,2542,3557,3584,3534,3557
2012-04-10,3729,3568,3591,3526,3568
2012-04-12,4927,3541,3565,3522,3541
2012-04-13,4325,3528,3547,3478,3527
2012-04-16,11048,3463,3482,3442,3463
2012-04-17,11005,3469,3487,3452,3469
2012-04-18,13847,3473,3485,3458,3473
2012-04-19,18428,3444,3471,3423,3444
2012-04-20,11783,3442,3493,3428,3443
2012-04-23,12682,3479,3506,3456,3479
2012-04-24,10477,3449,3468,3432,3449
2012-04-25,12161,3450,3496,3437,3450
2012-04-26,15745,3478,3498,3458,3478
2012-04-27,11782,3483,3497,3467,3483
2012-04-30,10998,3480,3489,3448,3480
2012-05-02,12229,3439,3454,3425,3439
2012-05-03,15418,3399,3422,3354,3399
2012-05-04,17278,3360,3379,3319,3360
2012-05-07,13322,3322,3349,3295,3322
2012-05-08,15644,3357,3372,3335,3357
2012-05-09,12378,3334,3355,3317,3334
2012-05-10,14005,3339,3368,3314,3339
2012-05-11,17874,3281,3314,3249,3281
2012-05-14,20407,3188,3226,3129,3188
2012-05-15,16360,3181,3214,3139,3181
2012-05-16,11727,3129,3219,3045,3129
2012-05-17,3477,3110,3139,3085,3110
2012-05-18,3269,3066,3095,3025,3067
2012-05-21,1553,3102,3119,3076,3102
2012-05-22,1468,3098,3115,3079,3098
2012-05-23,4372,3017,3063,2983,3017
2012-05-24,3284,3024,3059,2989,3024
2012-05-25,2915,3086,3135,3028,3086
2012-05-28,2373,3131,3145,3116,3131
2012-05-29,2746,3161,3182,3124,3161
2012-05-30,2204,3123,3149,3098,3123
2012-05-31,2206,3091,3109,3076,3091
2012-06-01,3271,3021,3064,2993,3021
2012-06-04,3920,2939,2960,2918,2939
2012-06-05,3539,2975,2999,2951,2975
2012-06-06,1928,2999,3014,2986,2999
2012-06-07,2618,2976,3030,2938,2976
2012-06-08,3854,2945,2976,2914,2945
2012-06-11,3490,2996,3018,2979,2996
2012-06-12,2746,2963,2981,2948,2963
2012-06-13,1954,2956,2972,2942,2957
2012-06-14,5874,2876,2915,2836,2876
2012-06-15,5456,2856,2883,2837,2856
2012-06-18,13613,2876,2894,2862,2876
2012-06-19,19415,2924,2952,2906,2924
2012-06-20,26045,3022,3051,2985,3022
2012-06-21,19434,3007,3055,2979,3007
2012-06-22,13855,2942,2963,2925,2942
2012-06-25,14023,3034,3052,3015,3034
2012-06-26,11150,3017,3029,3003,3017
2012-06-27,8571,3020,3036,2997,3020
2012-06-28,12581,2994,3019,2971,2994
2012-06-29,14619,3007,3023,2984,3007
2012-07-02,16389,3058,3083,3039,3058
2012-07-03,17272,3100,3123,3077,3100
2012-07-04,16166,3121,3140,3103,3121
2012-07-05,20600,3110,3170,3088,3110
2012-07-06,14479,3149,3176,3118,3149
2012-07-09,13123,3152,3165,3138,3152
2012-07-10,15078,3122,3149,3096,3122
2012-07-11,17653,3101,3154,3073,3101
2012-07-12,24937,3003,3034,2988,3002
2012-07-13,14727,3026,3060,3008,3026
2012-07-16,3943,3114,3145,3095,3114
2012-07-17,2015,3082,3110,3046,3082
2012-07-18,3176,3006,3051,2978,3006
2012-07-19,2319,3017,3046,2974,3017
2012-07-20,821,3039,3053,3026,3039
2012-07-23,3395,2977,2999,2962,2977
2012-07-24,3884,2918,2943,2897,2918
2012-07-25,4249,2925,2946,2890,2925
2012-07-26,3666,2915,2936,2871,2915
2012-07-27,5484,2909,2921,2883,2909
2012-07-30,2325,2965,2994,2930,2965
2012-07-31,2123,2956,2985,2938,2956
2012-08-01,2452,2958,2996,2915,2958
2012-08-02,2171,2920,2936,2897,2920
2012-08-03,631,2924,2940,2905,2924
2012-08-06,1914,2914,2930,2905,2914
2012-08-07,2234,2914,2931,2896,2914
2012-08-08,3510,2890,2908,2859,2890
2012-08-09,1759,2880,2896,2865,2879
2012-08-10,4856,2865,2890,2846,2866
2012-08-13,4851,2863,2907,2838,2863
2012-08-14,3784,2850,2873,2829,2850
2012-08-15,5155,2863,2882,2843,2862
2012-08-16,10815,2892,2929,2863,2892
2012-08-17,14013,2938,2954,2919,2938
2012-08-22,20249,3033,3059,2991,3033
2012-08-23,15092,3055,3081,3033,3055
2012-08-24,13483,3058,3078,3047,3058
2012-08-27,15293,3092,3103,3068,3092
2012-08-28,13166,3031,3059,3005,3031
2012-08-29,21650,2984,3020,2959,2984
2012-08-30,17658,2999,3014,2981,2999
2012-09-03,13880,3036,3057,3020,3036
2012-09-04,19713,3042,3081,3013,3042
2012-09-05,14496,3009,3058,2970,3009
2012-09-06,21509,2921,2950,2894,2921
2012-09-07,18446,2897,2928,2876,2897
2012-09-10,15462,2905,2928,2878,2905
2012-09-11,20877,2879,2905,2855,2879
2012-09-12,21522,2891,2916,2868,2891
2012-09-13,13606,2894,2929,2875,2894
2012-09-14,12352,2904,2926,2886,2904
2012-09-18,5173,2788,2821,2759,2788
2012-09-19,5680,2814,2828,2793,2814
2012-09-20,4306,2784,2810,2748,2784
2012-09-21,2000,2727,2756,2706,2727
2012-09-24,3279,2586,2668,2533,2585
2012-09-25,4226,2599,2630,2565,2599
2012-09-26,3556,2582,2600,2560,2582
2012-09-27,3827,2552,2587,2524,2552
2012-09-28,2901,2553,2590,2494,2553
2012-10-01,3095,2437,2516,2403,2437
2012-10-02,4937,2338,2383,2248,2337
2012-10-03,7698,2287,2359,2204,2287
2012-10-04,2613,2336,2379,2288,2335
2012-10-05,6030,2368,2399,2333,2368
2012-10-08,5698,2356,2402,2318,2356
2012-10-09,3783,2383,2406,2349,2383
2012-10-10,6141,2411,2434,2372,2411
2012-10-11,6527,2448,2478,2396,2449
2012-10-12,11674,2411,2480,2321,2411
2012-10-15,5459,2369,2398,2341,2369
2012-10-16,12889,2373,2409,2331,2373
2012-10-17,13734,2356,2377,2344,2356
2012-10-18,12272,2377,2396,2363,2377
2012-10-19,13443,2399,2412,2380,2399
2012-10-22,18135,2413,2468,2385,2413
2012-10-23,15118,2429,2448,2408,2429
2012-10-24,11482,2450,2466,2439,2450
2012-10-25,19206,2464,2503,2431,2464
2012-10-29,15709,2427,2441,2413,2427
2012-10-30,18314,2387,2407,2379,2387
2012-10-31,13441,2399,2417,2380,2398
2012-11-01,15053,2416,2429,2396,2416
2012-11-02,12441,2398,2421,2378,2398
2012-11-05,21225,2292,2335,2269,2292
2012-11-06,15738,2285,2309,2258,2285
2012-11-07,18645,2289,2308,2252,2289
2012-11-08,16362,2271,2287,2216,2271
2012-11-09,13589,2217,2252,2196,2217
2012-11-12,19538,2161,2218,2108,2161
2012-11-14,15063,2270,2324,2214,2270
2012-11-16,4569,2284,2292,2272,2284
2012-11-19,2529,2321,2334,2306,2321
2012-11-20,4031,2316,2340,2294,2316
2012-11-21,1888,2309,2320,2288,2309
2012-11-22,2802,2290,2306,2261,2290
2012-11-23,2709,2251,2272,2241,2251
2012-11-26,3623,2284,2303,2262,2285
2012-11-27,3803,2292,2321,2269,2292
2012-11-28,3371,2267,2285,2254,2266
2012-11-29,2091,2260,2276,2245,2260
2012-11-30,2303,2248,2265,2238,2248
2012-12-03,4659,2247,2281,2204,2247
2012-12-04,5114,2190,2208,2169,2190
2012-12-05,3250,2184,2199,2164,2184
2012-12-06,5903,2186,2201,2170,2186
2012-12-07,8055,2187,2221,2168,2187
2012-12-10,4991,2191,2203,2171,2191
2012-12-11,4544,2198,2215,2184,2198
2012-12-12,5614,2150,2167,2132,2150
2012-12-13,5214,2131,2147,2117,2131
2012-12-14,5686,2160,2180,2127,2160
2012-12-17,9574,2175,2200,2156,2175
2012-12-18,7430,2167,2179,2156,2167
2012-12-19,8307,2146,2162,2137,2146
2012-12-20,10841,2138,2149,2120,2138
2012-12-21,13733,2201,2234,2150,2201
2012-12-24,7587,2250,2261,2235,2250
2012-12-26,5051,2252,2264,2244,2252
2012-12-27,14865,2290,2308,2248,2290
2012-12-28,13559,2311,2339,2291,2311
2012-12-31,11925,2299,2341,2257,2298
2013-01-02,16414,2310,2348,2273,2310
2013-01-03,15661,2305,2337,2291,2305
2013-01-04,12423,2304,2319,2286,2303
2013-01-07,21108,2265,2300,2240,2265
2013-01-08,16900,2224,2247,2206,2224
2013-01-09,16522,2223,2239,2206,2223
2013-01-10,21049,2221,2257,2180,2221
2013-01-11,18108,2180,2201,2156,2180
2013-01-14,4868,2194,2219,2172,2194
2013-01-15,4020,2208,2222,2193,2208
2013-01-16,2193,2222,2231,2211,2222
2013-01-17,4736,2199,2233,2171,2199
2013-01-18,4500,2192,2207,2173,2192
2013-01-21,2525,2209,2218,2199,2209
2013-01-22,3619,2251,2266,2225,2251
2013-01-23,2558,2269,2287,2248,2269
2013-01-25,2635,2255,2267,2242,2255
2013-01-29,3211,2270,2282,2254,2270
2013-01-30,3405,2294,2308,2277,2294
2013-01-31,4398,2354,2387,2323,2354
2013-02-04,4358,2364,2381,2344,2364
2013-02-05,2658,2335,2347,2325,2334
2013-02-06,3526,2332,2340,2320,2332
2013-02-07,2850,2345,2356,2322,2345
2013-02-08,2372,2337,2352,2323,2337
2013-02-13,3512,2310,2342,2294,2310
2013-02-14,4029,2294,2319,2280,2294
2013-02-15,6195,2295,2312,2272,2295
2013-02-18,13476,2307,2323,2274,2308
2013-02-19,9953,2333,2347,2322,2333
2013-02-20,13676,2342,2356,2318,2342
2013-02-21,10407,2305,2315,2285,2305
2013-02-22,11880,2313,2327,2299,2313
2013-02-25,17970,2243,2254,2233,2243
2013-02-26,17151,2213,2246,2183,2213
2013-02-27,17317,2200,2215,2167,2200
2013-02-28,18375,2161,2194,2140,2161
2013-03-01,16102,2157,2177,2139,2157
2013-03-04,15471,2169,2187,2147,2169
2013-03-05,11123,2177,2200,2161,2177
2013-03-06,10457,2173,2185,2161,2173
2013-03-07,13615,2183,2214,2156,2183
2013-03-08,11598,2212,2223,2198,2212
2013-03-11,13583,2225,2239,2205,2225
2013-03-12,15503,2190,2214,2178,2190
2013-03-13,12315,2150,2174,2137,2150
2013-03-14,13140,2145,2178,2132,2145
2013-03-15,13468,2172,2204,2143,2172
2013-03-18,3963,2169,2187,2155,2169
2013-03-19,3217,2191,2201,2169,2192
2013-03-20,4295,2208,2221,2188,2208
2013-03-21,4052,2240,2251,2227,2240
2013-03-22,6118,2250,2277,2232,2250
2013-03-25,4186,2253,2279,2235,2253
2013-03-26,2454,2216,2229,2203,2216
2013-03-27,3493,2228,2244,2209,2228
2013-03-28,3070,2200,2211,2193,2200
2013-03-29,3057,2175,2183,2159,2175
2013-04-01,3376,2138,2163,2117,2138
2013-04-02,3694,2151,2170,2131,2152
2013-04-03,2725,2162,2177,2136,2162
2013-04-04,2453,2155,2174,2142,2155
2013-04-05,2716,2143,2156,2128,2143
2013-04-08,2295,2167,2181,2156,2167
2013-04-09,3297,2185,2200,2167,2185
2013-04-10,5329,2172,2196,2151,2172
2013-04-11,4356,2144,2162,2124,2144
2013-04-12,3067,2133,2148,2123,2133
2013-04-15,9071,2092,2111,2065,2091
2013-04-16,15740,2074,2087,2059,2074
2013-04-17,16712,2070,2084,2043,2070
2013-04-18,16503,2063,2089,2039,2063
2013-04-19,13470,2076,2095,2057,2076
2013-04-22,12101,2040,2056,2024,2040
2013-04-23,14690,2048,2062,2029,2048
2013-04-24,11204,2053,2078,2034,2053
2013-04-25,11661,2087,2100,2076,2087
2013-04-26,10831,2093,2108,2079,2093
2013-04-29,14768,2069,2101,2034,2069
2013-04-30,9881,2057,2076,2044,2058
2013-05-02,10402,2041,2049,2032,2041
2013-05-03,12940,2033,2056,2017,2033
2013-05-06,10182,2020,2040,2004,2020
2013-05-07,9958,2022,2046,2009,2022
2013-05-08,10053,2059,2068,2040,2059
2013-05-09,9721,2058,2066,2045,2058
2013-05-10,13416,2093,2108,2070,2093
2013-05-13,9450,2090,2115,2075,2090
2013-05-14,11375,2076,2101,2065,2076
2013-05-15,17207,2060,2073,2051,2060
2013-05-16,8764,2094,2106,2068,2094
2013-05-17,5337,2118,2124,2110,2118
2013-05-20,1517,2127,2134,2117,2127
2013-05-21,1740,2121,2131,2107,2121
2013-05-22,2189,2141,2147,2133,2141
2013-05-23,3665,2145,2158,2128,2145
2013-05-27,2164,2159,2168,2148,2159
2013-05-28,1675,2169,2182,2154,2169
2013-05-29,3249,2194,2204,2182,2194
2013-05-30,2043,2170,2183,2161,2170
2013-05-31,2034,2177,2192,2165,2177
2013-06-03,1894,2193,2203,2182,2193
2013-06-04,2040,2171,2179,2165,2171
2013-06-05,3356,2176,2196,2159,2176
2013-06-06,5181,2206,2228,2180,2206
2013-06-07,5890,2248,2262,2227,2248
2013-06-10,2809,2248,2261,2236,2248
2013-06-11,5024,2243,2256,2233,2243
2013-06-12,2855,2245,2254,2236,2245
2013-06-13,3171,2235,2249,2205,2235
2013-06-14,5353,2218,2233,2197,2218
2013-06-17,8002,2245,2260,2232,2245
2013-06-18,11238,2263,2273,2247,2263
2013-06-19,11880,2255,2275,2242,2256
2013-06-20,15500,2272,2284,2253,2272
2013-06-21,15108,2228,2237,2214,2228
2013-06-24,12935,2202,2222,2187,2202
2013-06-25,14200,2201,2214,2189,2201
2013-06-26,10226,2178,2193,2170,2178
2013-06-27,12954,2148,2167,2140,2148
2013-06-28,16324,2155,2169,2134,2155
2013-07-01,12137,2151,2165,2134,2151
2013-07-02,16299,2138,2155,2117,2138
2013-07-03,14582,2146,2165,2135,2146
2013-07-04,10061,2170,2177,2159,2170
2013-07-05,14181,2155,2180,2138,2155
2013-07-08,14798,2176,2188,2158,2176
2013-07-09,14914,2179,2193,2168,2179
2013-07-10,14731,2177,2187,2163,2177
2013-07-11,12557,2169,2181,2156,2169
2013-07-12,20513,2131,2151,2088,2131
2013-07-15,18960,2048,2080,2027,2048
2013-07-16,6286,2054,2066,2033,2054
2013-07-17,5161,2064,2086,2047,2065
2013-07-18,3366,2084,2098,2057,2085
2013-07-19,2324,2084,2104,2059,2084
2013-07-22,1348,2068,2084,2050,2068
2013-07-23,1771,2071,2086,2056,2071
2013-07-24,2703,2042,2057,2027,2042
2013-07-25,4666,2012,2029,1956,2011
2013-07-26,3089,1972,1996,1948,1973
2013-07-29,2147,1983,1996,1969,1983
2013-07-30,5203,1990,2024,1947,1990
2013-07-31,2036,2035,2048,2024,2035
2013-08-01,2946,2047,2068,2031,2047
2013-08-02,1720,2070,2089,2058,2070
2013-08-05,1934,2057,2071,2045,2057
2013-08-06,1106,2050,2063,2015,2050
2013-08-07,1236,2019,2037,2010,2019
2013-08-12,4091,2048,2065,2012,2048
2013-08-13,4477,2094,2109,2078,2094
2013-08-14,4843,2091,2114,2078,2091
2013-08-15,6469,2108,2116,2096,2108
2013-08-16,9592,2140,2150,2119,2140
2013-08-19,10577,2149,2157,2129,2150
2013-08-20,17276,2125,2157,2101,2126
2013-08-21,11417,2145,2154,2125,2145
2013-08-22,16306,2161,2176,2132,2161
2013-08-23,14093,2172,2183,2151,2172
2013-08-26,16468,2247,2265,2234,2247
2013-08-27,17260,2269,2282,2248,2269
2013-08-28,18189,2278,2299,2255,2278
2013-08-29,18161,2260,2284,2220,2260
2013-08-30,18699,2223,2247,2210,2223
2013-09-02,13292,2244,2254,2225,2244
2013-09-03,14614,2231,2246,2218,2231
2013-09-04,8935,2218,2231,2206,2218
2013-09-05,11602,2218,2232,2199,2218
2013-09-06,12201,2250,2275,2228,2250
2013-09-09,12973,2240,2263,2211,2240
2013-09-10,13656,2175,2197,2160,2175
2013-09-11,10626,2168,2181,2144,2168
2013-09-12,10194,2157,2169,2136,2157
2013-09-13,12378,2147,2175,2120,2147
2013-09-17,6374,2142,2173,2114,2142
2013-09-18,3925,2152,2165,2136,2152
2013-09-19,3172,2125,2144,2112,2125
2013-09-20,1903,2118,2129,2110,2118
2013-09-23,2421,2113,2126,2094,2112
2013-09-24,4137,2128,2143,2106,2128
2013-09-25,2536,2117,2129,2106,2117
2013-09-26,3177,2089,2104,2078,2089
2013-09-27,3948,2097,2124,2078,2097
2013-09-30,2161,2119,2141,2109,2119
2013-10-01,4500,2118,2143,2099,2118
2013-10-02,3991,2130,2142,2116,2130
2013-10-03,2590,2107,2119,2096,2107
2013-10-04,2230,2108,2129,2095,2109
2013-10-07,3311,2128,2140,2115,2128
2013-10-08,2915,2150,2164,2144,2150
2013-10-09,4912,2174,2183,2165,2174
2013-10-10,5272,2191,2207,2173,2191
2013-10-11,4690,2195,2208,2187,2195
2013-10-14,3696,2187,2198,2175,2186
2013-10-16,14006,2201,2221,2184,2201
2013-10-17,17940,2215,2243,2180,2215
2013-10-18,13696,2205,2215,2189,2205
2013-10-21,10883,2241,2257,2229,2241
2013-10-22,15762,2246,2267,2231,2246
2013-10-23,12301,2267,2296,2247,2267
2013-10-24,20951,2277,2292,2266,2277
2013-10-25,13850,2264,2271,2252,2264
2013-10-28,16050,2265,2294,2237,2265
2013-10-29,20054,2282,2314,2265,2283
2013-10-30,22660,2357,2384,2331,2357
2013-10-31,18894,2379,2410,2358,2379
2013-11-01,21854,2420,2443,2387,2420
2013-11-04,19165,2403,2434,2389,2403
2013-11-06,17768,2380,2396,2356,2380
2013-11-07,18217,2355,2373,2336,2355
2013-11-08,12972,2332,2351,2317,2331
2013-11-11,15823,2349,2362,2321,2349
2013-11-12,17964,2357,2415,2317,2357
2013-11-13,21897,2416,2438,2376,2416
2013-11-14,11749,2409,2428,2394,2409
2013-11-15,14328,2410,2431,2382,2410
2013-11-18,2445,2398,2408,2391,2398
2013-11-19,2268,2381,2396,2366,2381
2013-11-20,2895,2386,2406,2358,2386
2013-11-21,3838,2449,2472,2412,2449
2013-11-22,4043,2467,2500,2441,2467
2013-11-25,2744,2456,2473,2430,2456
2013-11-26,3002,2429,2448,2413,2428
2013-11-27,1164,2441,2463,2428,2441
2013-11-28,2068,2458,2478,2438,2459
2013-11-29,3239,2474,2490,2456,2474
2013-12-02,2722,2458,2471,2445,2458
2013-12-03,3523,2443,2458,2420,2443
2013-12-04,3695,2457,2474,2435,2457
2013-12-05,3035,2455,2467,2441,2455
2013-12-06,3098,2460,2486,2444,2461
2013-12-09,4428,2479,2501,2455,2479
2013-12-10,6525,2455,2476,2441,2455
2013-12-11,2837,2454,2464,2443,2453
2013-12-12,7369,2448,2471,2432,2448
2013-12-13,6347,2396,2427,2378,2396
2013-12-16,10280,2379,2395,2361,2379
2013-12-17,11961,2394,2413,2382,2394
2013-12-18,12203,2375,2394,2356,2375
2013-12-19,10725,2381,2395,2369,2381
2013-12-20,11009,2388,2401,2369,2388
2013-12-23,13722,2421,2433,2384,2421
2013-12-24,5672,2435,2446,2414,2435
2013-12-26,8194,2435,2453,2416,2435
2013-12-27,8149,2450,2464,2437,2450
2013-12-30,4731,2452,2460,2439,2452
2013-12-31,8490,2450,2472,2425,2451
2014-01-02,8171,2466,2480,2457,2466
2014-01-03,9676,2446,2455,2436,2446
2014-01-06,17366,2411,2440,2399,2411
2014-01-07,11497,2388,2405,2369,2388
2014-01-08,16274,2358,2375,2341,2358
2014-01-09,17557,2343,2366,2327,2343
2014-01-10,13062,2338,2362,2322,2338
2014-01-13,1507,2321,2339,2299,2321
2014-01-15,2872,2317,2338,2302,2317
2014-01-16,1609,2342,2351,2336,2343
2014-01-20,1831,2369,2384,2360,2369
2014-01-21,3633,2370,2385,2353,2370
2014-01-22,2206,2378,2392,2357,2378
2014-01-23,3352,2384,2397,2367,2384
2014-01-24,2601,2383,2393,2377,2383
2014-01-27,7198,2364,2374,2342,2364
2014-01-28,5727,2323,2336,2313,2323
2014-01-29,4583,2329,2350,2318,2329
2014-01-30,858,2339,2355,2321,2339
2014-02-04,1866,2332,2355,2316,2332
2014-02-05,2929,2335,2344,2326,2335
2014-02-06,3324,2353,2366,2345,2353
2014-02-07,2955,2373,2379,2363,2373
2014-02-10,5688,2391,2406,2378,2391
2014-02-11,7228,2400,2411,2384,2400
2014-02-12,5095,2410,2424,2397,2410
2014-02-13,8104,2441,2453,2425,2441
2014-02-14,6893,2465,2477,2445,2465
2014-02-17,10742,2458,2478,2440,2458
2014-02-18,18712,2492,2511,2481,2492
2014-02-19,19411,2513,2528,2496,2513
2014-02-20,18886,2526,2550,2494,2526
2014-02-21,17623,2528,2552,2514,2528
2014-02-24,20541,2557,2571,2531,2557
2014-02-25,17638,2538,2549,2522,2538
2014-02-26,28003,2566,2612,2515,2566
2014-02-27,20049,2581,2601,2564,2581
2014-02-28,20742,2572,2600,2550,2572
2014-03-03,16752,2626,2654,2597,2626
2014-03-04,16828,2600,2623,2582,2600
2014-03-05,17227,2639,2662,2619,2639
2014-03-06,17744,2628,2663,2602,2628
2014-03-07,17706,2678,2690,2665,2678
2014-03-10,16023,2681,2704,2655,2681
2014-03-11,25493,2686,2710,2655,2686
2014-03-12,30705,2636,2659,2602,2636
2014-03-13,19646,2629,2646,2596,2629
2014-03-14,18697,2579,2595,2563,2579
2014-03-17,8218,2575,2583,2561,2575
2014-03-18,5774,2567,2583,2552,2567
2014-03-19,5532,2599,2612,2579,2599
2014-03-20,2891,2582,2603,2561,2582
2014-03-21,3106,2572,2593,2553,2572
2014-03-24,7323,2558,2583,2523,2558
2014-03-25,4587,2531,2554,2515,2531
2014-03-26,6570,2542,2565,2525,2541
2014-03-27,4645,2517,2538,2497,2517
2014-03-28,5459,2501,2515,2488,2501
2014-03-31,3146,2485,2506,2468,2485
2014-04-01,7442,2474,2491,2456,2473
2014-04-02,6219,2506,2516,2493,2506
2014-04-03,5922,2472,2491,2446,2472
2014-04-04,2541,2500,2514,2481,2500
2014-04-07,3021,2480,2508,2460,2479
2014-04-08,3997,2456,2480,2418,2456
2014-04-09,3550,2442,2468,2424,2442
2014-04-10,2942,2451,2466,2429,2451
2014-04-11,3456,2437,2456,2418,2437
2014-04-14,5654,2487,2498,2456,2487
2014-04-15,7452,2501,2511,2460,2501
2014-04-16,13816,2531,2549,2513,2531
2014-04-17,17780,2532,2558,2498,2532
2014-04-18,9295,2493,2511,2481,2493
2014-04-21,12783,2486,2503,2470,2486
2014-04-22,14634,2530,2546,2506,2530
2014-04-23,15204,2516,2530,2505,2516
2014-04-24,10409,2509,2519,2498,2509
2014-04-25,12085,2524,2538,2515,2524
2014-04-28,9546,2534,2543,2525,2533
2014-04-29,15117,2514,2522,2493,2514
2014-04-30,15884,2488,2505,2473,2488
2014-05-02,19309,2434,2452,2416,2434
2014-05-05,14332,2446,2467,2428,2446
2014-05-06,16537,2426,2444,2416,2426
2014-05-07,12682,2432,2443,2423,2432
2014-05-08,15610,2426,2442,2410,2426
2014-05-09,15262,2431,2451,2410,2431
2014-05-12,10810,2440,2450,2426,2440
2014-05-14,13985,2460,2472,2450,2460
2014-05-15,11980,2479,2488,2461,2479
2014-05-16,5263,2463,2480,2445,2463
2014-05-19,5772,2431,2445,2408,2431
2014-05-20,3892,2402,2418,2387,2402
2014-05-21,2975,2386,2399,2367,2386
2014-05-22,2096,2389,2403,2373,2389
2014-05-23,2039,2394,2409,2383,2394
2014-05-26,3415,2371,2387,2360,2371
2014-05-27,2722,2377,2388,2367,2377
2014-05-28,2541,2384,2404,2372,2384
2014-05-29,2460,2354,2370,2335,2353
2014-05-30,4614,2321,2339,2297,2321
2014-06-02,7438,2276,2295,2264,2276
2014-06-03,10366,2276,2305,2249,2276
2014-06-04,5565,2284,2309,2269,2284
2014-06-05,4247,2292,2330,2279,2292
2014-06-06,4388,2281,2294,2269,2281
2014-06-09,3978,2282,2298,2268,2282
2014-06-10,3822,2271,2291,2254,2271
2014-06-11,3096,2251,2259,2240,2251
2014-06-12,3957,2257,2277,2238,2257
2014-06-13,6621,2304,2322,2278,2304
2014-06-16,15920,2307,2322,2297,2307
2014-06-17,14584,2314,2330,2290,2315
2014-06-18,15357,2332,2350,2322,2332
2014-06-19,15786,2342,2354,2317,2342
2014-06-20,17438,2335,2351,2311,2335
2014-06-23,16703,2352,2365,2334,2352
2014-06-24,16065,2353,2369,2341,2353
2014-06-25,15755,2376,2388,2358,2376
2014-06-26,15987,2367,2379,2346,2367
2014-06-27,19945,2324,2346,2313,2324
2014-06-30,12790,2308,2318,2298,2308
2014-07-01,19950,2273,2302,2262,2273
2014-07-02,10655,2299,2313,2282,2299
2014-07-03,15467,2294,2305,2288,2294
2014-07-04,9873,2287,2310,2276,2287
2014-07-07,12698,2282,2301,2274,2282
2014-07-08,14851,2274,2293,2259,2274
2014-07-09,13289,2249,2258,2238,2249
2014-07-10,16422,2251,2273,2226,2251
2014-07-11,17108,2245,2272,2222,2245
2014-07-14,14416,2194,2208,2169,2194
2014-07-16,4969,2199,2211,2182,2199
2014-07-17,3665,2202,2221,2180,2202
2014-07-18,2278,2193,2205,2178,2193
2014-07-21,1926,2190,2198,2183,2190
2014-07-22,4214,2179,2187,2167,2179
2014-07-23,4661,2153,2173,2142,2153
2014-07-24,2503,2170,2178,2158,2170
2014-07-25,2280,2177,2189,2158,2177
2014-07-30,3940,2166,2182,2149,2166
2014-07-31,2422,2159,2174,2143,2159
2014-08-01,5789,2173,2182,2155,2173
2014-08-04,1877,2154,2163,2148,2154
2014-08-05,2477,2152,2173,2142,2152
2014-08-06,2653,2142,2155,2132,2142
2014-08-07,1785,2148,2155,2140,2148
2014-08-08,4749,2139,2161,2124,2139
2014-08-11,6655,2099,2131,2066,2098
2014-08-12,3036,2069,2086,2053,2069
2014-08-13,3593,2076,2093,2056,2076
2014-08-14,5779,2030,2044,2009,2030
2014-08-15,5194,2017,2035,1981,2017
2014-08-18,10637,1985,1994,1979,1985
2014-08-19,14032,1981,1994,1962,1981
2014-08-20,11183,1952,1971,1941,1952
2014-08-21,15421,1946,1965,1929,1946
2014-08-22,19085,1920,1940,1885,1920
2014-08-25,26567,1892,1941,1850,1892
2014-08-26,19057,1900,1924,1880,1900
2014-08-27,29086,1909,1948,1869,1909
2014-08-28,19326,1880,1897,1861,1880
2014-08-29,20750,1853,1880,1822,1853
2014-09-02,20752,1836,1859,1810,1836
2014-09-03,20843,1865,1882,1837,1865
2014-09-04,24452,1894,1929,1861,1895
2014-09-05,20461,1919,1937,1891,1919
2014-09-08,18542,1943,1964,1923,1943
2014-09-09,17007,1925,1942,1902,1925
2014-09-10,18290,1910,1931,1893,1910
2014-09-11,16862,1936,1969,1903,1936
2014-09-12,17755,1968,1984,1947,1968
2014-09-15,24959,2002,2020,1987,2002
2014-09-17,8241,2004,2037,1989,2004
2014-09-18,5974,2043,2062,2022,2043
2014-09-19,4058,2002,2015,1986,2002
2014-09-22,6858,1964,1978,1951,1964
2014-09-23,7620,2003,2014,1982,2003
2014-09-24,3786,2024,2042,2006,2024
2014-09-25,6314,2068,2089,2050,2068
2014-09-26,5076,2069,2083,2058,2069
2014-09-29,2359,2060,2078,2044,2060
2014-09-30,4010,2095,2101,2085,2095
2014-10-01,6716,2087,2101,2070,2087
2014-10-02,4939,2056,2090,2017,2056
2014-10-03,2671,2046,2056,2032,2046
2014-10-07,3807,2068,2083,2056,2068
2014-10-08,5043,2069,2082,2057,2069
2014-10-09,6534,2066,2089,2041,2065
2014-10-10,6223,2050,2070,2035,2050
2014-10-13,2954,2046,2064,2026,2046
2014-10-14,5833,2043,2055,2027,2043
2014-10-15,9380,2007,2030,1979,2007
2014-10-16,21995,1982,1996,1969,1982
2014-10-17,19202,2003,2013,1993,2003
2014-10-20,12828,1991,1997,1977,1991
2014-10-21,11697,1998,2006,1990,1998
2014-10-23,21292,2030,2047,2012,2030
2014-10-24,18191,2051,2059,2037,2051
2014-10-27,10515,2035,2041,2029,2035
2014-10-28,22162,2061,2081,2036,2061
2014-10-29,25873,2104,2132,2086,2104
2014-10-30,26184,2149,2167,2135,2149
2014-10-31,21562,2160,2176,2139,2160
2014-11-03,19747,2192,2210,2174,2192
2014-11-04,26392,2175,2192,2158,2175
2014-11-05,28030,2129,2155,2108,2129
2014-11-06,26860,2117,2140,2082,2117
2014-11-07,29342,2086,2117,2058,2086
2014-11-10,25158,2078,2106,2062,2078
2014-11-11,19262,2104,2136,2090,2104
2014-11-12,19520,2139,2151,2122,2139
2014-11-13,18235,2097,2110,2084,2098
2014-11-14,18984,2078,2098,2064,2077
2014-11-17,6520,2078,2093,2064,2078
2014-11-18,6028,2101,2115,2085,2101
2014-11-19,3955,2116,2131,2100,2116
2014-11-20,3853,2094,2111,2084,2094
2014-11-21,3246,2105,2114,2093,2105
2014-11-24,4528,2086,2106,2067,2086
2014-11-25,5415,2071,2089,2056,2071
2014-11-26,3064,2089,2104,2072,2089
2014-11-27,2101,2082,2097,2063,2082
2014-11-28,3389,2026,2040,2013,2026
2014-12-01,6963,1960,1992,1946,1960
2014-12-02,5595,1996,2008,1988,1996
2014-12-03,7724,1997,2042,1965,1997
2014-12-04,4610,2029,2047,2011,2029
2014-12-05,2914,2028,2038,2017,2028
2014-12-08,3434,2052,2065,2032,2052
2014-12-09,6864,2011,2031,1983,2011
2014-12-10,8033,2021,2041,2002,2021
2014-12-11,5048,2031,2059,2013,2031
2014-12-12,5301,2053,2079,2028,2053
2014-12-15,6427,2036,2049,2015,2036
2014-12-16,18197,1991,2010,1973,1991
2014-12-17,23364,1978,1995,1962,1978
2014-12-18,24851,2008,2022,1994,2008
2014-12-19,17144,2004,2013,1986,2005
2014-12-22,12943,2026,2033,2011,2026
2014-12-23,19619,2051,2074,2019,2051
2014-12-24,21242,2084,2097,2066,2084
2014-12-26,16724,2080,2111,2059,2080
2014-12-29,17658,2153,2167,2142,2153
2014-12-30,20652,2155,2164,2142,2155
2014-12-31,12376,2134,2147,2120,2134
2015-01-02,18903,2109,2144,2096,2109
2015-01-05,17614,2145,2156,2121,2145
2015-01-06,25633,2152,2169,2131,2152
2015-01-07,25308,2174,2194,2149,2174
2015-01-08,17400,2222,2238,2190,2222
2015-01-09,18271,2217,2242,2200,2217
2015-01-12,23576,2208,2231,2187,2208
2015-01-13,12429,2207,2230,2183,2208
2015-01-14,3598,2196,2204,2184,2196
2015-01-15,5798,2226,2242,2207,2226
2015-01-16,5901,2204,2226,2179,2204
2015-01-19,2857,2195,2210,2174,2195
2015-01-20,3845,2201,2220,2173,2201
2015-01-21,4559,2189,2216,2156,2189
2015-01-22,5320,2148,2167,2129,2148
2015-01-23,4117,2120,2128,2110,2119
2015-01-26,4027,2084,2118,2058,2084
2015-01-27,5215,2052,2068,2039,2052
2015-01-28,8316,2084,2104,2051,2084
2015-01-29,7609,2056,2069,2015,2056
2015-01-30,8465,2014,2038,1994,2014
2015-02-04,12841,2066,2091,2048,2066
2015-02-05,19655,2154,2206,2088,2154
2015-02-06,14201,2214,2239,2177,2214
2015-02-09,12179,2226,2249,2202,2226
2015-02-10,11110,2217,2238,2190,2217
2015-02-11,11560,2194,2210,2168,2193
2015-02-12,8542,2185,2203,2170,2185
2015-02-13,9653,2196,2212,2179,2196
2015-02-16,15334,2213,2224,2202,2213
2015-02-17,13212,2202,2218,2187,2202
2015-02-18,5182,2206,2215,2192,2206
2015-02-23,20521,2156,2194,2140,2156
2015-02-24,21741,2134,2162,2119,2134
2015-02-25,28288,2164,2179,2145,2164
2015-02-26,22112,2173,2187,2159,2173
2015-02-27,25032,2209,2224,2180,2209
2015-03-02,25707,2264,2282,2238,2264
2015-03-03,27170,2261,2285,2231,2261
2015-03-04,23359,2278,2303,2257,2278
2015-03-05,26126,2250,2267,2223,2250
2015-03-06,27753,2188,2210,2160,2188
2015-03-09,32600,2184,2215,2156,2184
2015-03-10,26117,2148,2179,2124,2148
2015-03-11,22655,2157,2183,2140,2157
2015-03-12,20198,2159,2174,2137,2159
2015-03-13,16469,2144,2154,2130,2144
2015-03-16,8906,2107,2131,2083,2107
2015-03-17,7917,2090,2124,2049,2090
2015-03-18,5838,2066,2106,2038,2066
2015-03-19,5499,2105,2133,2079,2105
2015-03-20,4881,2102,2121,2069,2102
2015-03-23,4264,2108,2121,2089,2108
2015-03-24,3549,2080,2105,2065,2080
2015-03-25,3009,2074,2085,2061,2074
2015-03-26,3952,2105,2115,2078,2106
2015-03-27,2976,2078,2094,2063,2078
2015-03-30,2751,2089,2108,2057,2089
2015-03-31,3239,2083,2097,2072,2083
2015-04-01,3848,2076,2093,2063,2075
2015-04-02,3473,2077,2087,2066,2077
2015-04-03,1144,2095,2104,2085,2095
2015-04-06,6269,2133,2158,2110,2134
2015-04-07,5492,2127,2141,2113,2127
2015-04-08,5880,2096,2115,2080,2096
2015-04-09,7456,2053,2074,2033,2053
2015-04-10,5879,2034,2052,2006,2034
2015-04-13,6707,2060,2074,2042,2060
2015-04-14,12658,2035,2069,2014,2036
2015-04-15,10149,2082,2093,2066,2082
2015-04-16,16606,2078,2100,2060,2078
2015-04-17,17610,2062,2082,2051,2062
2015-04-20,17786,2082,2097,2070,2082
2015-04-21,21885,2106,2120,2084,2106
2015-04-22,26047,2075,2089,2062,2075
2015-04-23,20157,2075,2087,2059,2075
2015-04-24,21123,2081,2099,2067,2081
2015-04-27,25067,2048,2070,2030,2048
2015-04-28,29708,2016,2038,1998,2016
2015-04-29,19227,2005,2016,1993,2005
2015-04-30,12777,2022,2031,2015,2022
2015-05-05,25737,2074,2091,2062,2074
2015-05-06,22359,2107,2123,2092,2107
2015-05-07,12230,2091,2102,2084,2091
2015-05-08,15651,2076,2086,2064,2076
2015-05-11,16202,2103,2119,2093,2103
2015-05-12,21913,2136,2153,2118,2136
2015-05-13,17265,2135,2156,2116,2135
2015-05-14,18026,2110,2131,2094,2110
2015-05-15,14515,2123,2141,2105,2123
2015-05-18,3537,2107,2116,2095,2107
2015-05-19,3153,2094,2103,2084,2094
2015-05-20,3176,2075,2081,2061,2075
2015-05-21,2831,2078,2097,2065,2078
2015-05-22,2640,2071,2086,2061,2071
2015-05-25,2020,2070,2081,2055,2070
2015-05-26,5593,2115,2125,2087,2115
2015-05-27,2993,2115,2129,2101,2115
2015-05-28,6996,2143,2151,2125,2143
2015-05-29,4094,2147,2153,2134,2147
2015-06-01,4358,2204,2227,2187,2204
2015-06-02,4783,2266,2279,2243,2266
2015-06-03,4603,2225,2240,2207,2225
2015-06-04,4535,2231,2255,2211,2231
2015-06-05,8249,2257,2275,2226,2257
2015-06-08,7431,2273,2290,2258,2273
2015-06-09,7552,2234,2247,2219,2234
2015-06-10,4197,2225,2243,2212,2225
2015-06-11,3540,2222,2233,2212,2222
2015-06-12,5139,2195,2214,2184,2195
2015-06-15,3913,2201,2214,2191,2201
2015-06-16,12783,2212,2227,2191,2212
2015-06-17,16594,2220,2233,2210,2220
2015-06-18,24153,2182,2200,2165,2182
2015-06-19,17753,2178,2190,2157,2178
2015-06-22,10269,2161,2175,2148,2161
2015-06-23,13728,2160,2176,2149,2159
2015-06-24,20204,2183,2204,2157,2183
2015-06-25,15304,2206,2215,2193,2206
2015-06-26,10552,2196,2210,2184,2197
2015-06-29,9838,2196,2207,2190,2196
2015-06-30,23104,2162,2177,2151,2162
2015-07-01,18084,2176,2198,2164,2176
2015-07-02,19706,2193,2208,2175,2193
2015-07-03,13792,2203,2215,2194,2203
2015-07-06,18437,2168,2181,2157,2168
2015-07-07,18234,2158,2177,2135,2158
2015-07-08,26195,2077,2086,2062,2077
2015-07-09,19781,2103,2122,2087,2103
2015-07-10,16848,2123,2139,2109,2122
2015-07-13,14807,2120,2133,2104,2120
2015-07-14,14359,2149,2160,2130,2149
2015-07-15,11968,2117,2137,2106,2117
2015-07-16,2188,2115,2128,2102,2115
2015-07-20,3494,2108,2122,2095,2108
2015-07-21,5150,2131,2152,2114,2131
2015-07-22,4242,2139,2150,2127,2139
2015-07-23,3220,2120,2128,2114,2120
2015-07-24,2009,2106,2111,2101,2106
2015-07-27,5299,2073,2084,2065,2073
2015-07-28,5393,2056,2072,2040,2055
2015-07-29,7714,2051,2073,2032,2050
2015-07-30,5035,2040,2053,2028,2040
2015-07-31,5722,2052,2060,2042,2052
2015-08-03,6122,2008,2042,1977,2008
2015-08-04,11646,1986,2000,1953,1986
2015-08-05,5450,1988,2011,1953,1988
2015-08-06,7666,1958,1978,1938,1958
2015-08-07,4149,1966,1980,1956,1967
2015-08-10,6374,1971,1991,1950,1971
2015-08-11,6735,1972,1990,1963,1972
2015-08-12,8350,1952,1968,1929,1952
2015-08-13,8516,1932,1958,1896,1932
2015-08-14,9629,1969,1986,1947,1969
2015-08-17,14435,1955,1971,1941,1955
2015-08-18,18158,1971,1987,1957,1971
2015-08-19,15877,1952,1964,1942,1952
2015-08-20,28651,1923,1941,1901,1923
2015-08-21,23659,1912,1944,1892,1912
2015-08-24,29251,1844,1876,1822,1843
2015-08-25,35560,1825,1853,1781,1825
2015-08-26,24020,1806,1822,1784,1806
2015-08-27,28975,1819,1846,1791,1819
2015-08-28,22382,1881,1913,1856,1881
2015-09-01,28018,1916,1937,1891,1916
2015-09-02,25411,1908,1921,1899,1908
2015-09-03,19243,1923,1966,1895,1923
2015-09-04,18772,1943,1960,1927,1943
2015-09-07,14787,1943,1972,1922,1943
2015-09-08,17715,1984,2018,1964,1984
2015-09-09,19966,2027,2050,2004,2027
2015-09-10,22382,2041,2077,2017,2041
2015-09-11,19631,2078,2098,2050,2078
2015-09-14,19900,2096,2114,2053,2096
2015-09-15,11375,2084,2125,2060,2084
2015-09-17,6154,2004,2041,1991,2003
2015-09-18,6773,1987,2017,1962,1987
2015-09-21,6579,2000,2027,1956,2000
2015-09-22,9341,2045,2062,2027,2045
2015-09-23,4211,2079,2105,2052,2079
2015-09-25,5588,2164,2203,2148,2164
2015-09-28,5242,2215,2264,2163,2215
2015-09-29,10703,2258,2319,2212,2259
2015-09-30,9332,2266,2302,2221,2266
2015-10-01,11745,2269,2300,2217,2269
2015-10-02,7103,2269,2300,2233,2268
2015-10-05,5863,2276,2294,2261,2276
2015-10-06,8144,2250,2298,2214,2250
2015-10-07,9188,2199,2244,2172,2199
2015-10-08,10220,2135,2188,2116,2135
2015-10-09,7417,2099,2119,2080,2099
2015-10-12,8309,2124,2145,2115,2124
2015-10-13,7346,2154,2191,2102,2154
2015-10-15,6655,2150,2179,2132,2150
2015-10-16,19503,2149,2169,2128,2149
2015-10-19,22195,2128,2150,2102,2128
2015-10-20,23820,2123,2150,2098,2123
2015-10-21,24337,2191,2202,2169,2191
2015-10-22,19873,2195,2216,2182,2196
2015-10-23,19463,2155,2169,2143,2155
2015-10-26,19150,2128,2157,2107,2128
2015-10-27,20751,2127,2161,2090,2127
2015-10-28,29519,2154,2173,2129,2154
2015-10-29,24852,2184,2202,2161,2184
2015-10-30,26626,2188,2207,2156,2188
2015-11-02,23375,2182,2204,2158,2182
2015-11-03,24022,2131,2144,2108,2131
2015-11-04,29570,2175,2197,2134,2175
2015-11-05,26019,2200,2216,2175,2200
2015-11-06,21576,2144,2163,2133,2144
2015-11-09,18333,2194,2214,2172,2195
2015-11-11,24507,2169,2185,2154,2169
2015-11-12,15834,2167,2177,2145,2167
2015-11-13,25218,2141,2180,2115,2141
2015-11-16,17027,2076,2119,2043,2076
2015-11-17,8807,2062,2080,2037,2062
2015-11-18,4033,2065,2085,2033,2065
2015-11-19,2348,2053,2065,2042,2053
2015-11-20,2232,2034,2045,2022,2034
2015-11-23,2773,2034,2055,2023,2034
2015-11-24,4241,2037,2049,2021,2037
2015-11-25,3683,2032,2058,2012,2032
2015-11-26,2400,2069,2079,2054,2069
2015-11-27,1252,2094,2112,2073,2094
2015-11-30,3674,2091,2103,2084,2091
2015-12-01,3358,2099,2114,2082,2099
2015-12-02,4363,2083,2103,2071,2083
2015-12-03,3909,2102,2114,2090,2102
2015-12-04,3540,2115,2126,2102,2115
2015-12-07,4583,2162,2179,2146,2162
2015-12-08,5632,2145,2162,2130,2145
2015-12-09,5068,2147,2162,2132,2147
2015-12-10,3237,2122,2140,2111,2122
2015-12-11,5274,2172,2204,2143,2172
2015-12-14,9171,2183,2194,2176,2183
2015-12-15,16531,2140,2185,2105,2139
2015-12-16,22740,2111,2134,2091,2111
2015-12-17,16771,2087,2108,2072,2087
2015-12-18,16361,2086,2108,2073,2086
2015-12-21,17982,2142,2160,2114,2142
2015-12-22,14419,2161,2176,2141,2161
2015-12-23,17119,2175,2193,2159,2175
2015-12-28,11368,2168,2190,2150,2168
2015-12-29,19016,2178,2200,2133,2178
2015-12-30,17156,2194,2207,2177,2194
2015-12-31,22437,2186,2211,2158,2186
2016-01-04,18982,2150,2177,2132,2149
2016-01-05,15702,2149,2165,2124,2149
2016-01-06,19726,2143,2169,2121,2143
2016-01-07,23491,2132,2160,2108,2132
2016-01-08,13575,2129,2143,2112,2129
2016-01-11,28371,2123,2156,2086,2123
2016-01-12,17265,2085,2098,2075,2085
2016-01-13,22099,2092,2116,2071,2092
2016-01-14,11240,2109,2124,2084,2109
2016-01-15,2411,2097,2105,2089,2097
2016-01-18,2471,2110,2123,2099,2110
2016-01-19,2779,2097,2108,2088,2097
2016-01-20,4406,2079,2096,2068,2079
2016-01-21,3700,2050,2085,2031,2050
2016-01-22,5187,2062,2072,2051,2062
2016-01-26,4854,2077,2085,2063,2077
2016-01-27,4962,2090,2110,2070,2090
2016-01-28,4615,2091,2111,2074,2091
2016-01-29,5285,2045,2065,2034,2045
2016-02-02,10770,2103,2125,2050,2103
2016-02-03,6965,2142,2154,2108,2143
2016-02-04,6473,2139,2163,2116,2138
2016-02-05,7387,2164,2201,2129,2165
2016-02-10,7164,2175,2194,2153,2175
2016-02-11,6029,2180,2201,2149,2180
2016-02-12,7381,2234,2251,2220,2234
2016-02-15,9423,2226,2259,2203,2226
2016-02-16,17961,2209,2233,2184,2209
2016-02-17,22026,2199,2221,2178,2199
2016-02-18,20594,2203,2231,2186,2203
2016-02-19,19891,2221,2235,2191,2221
2016-02-22,24154,2196,2219,2169,2196
2016-02-23,21971,2163,2176,2148,2163
2016-02-24,23695,2136,2153,2123,2136
2016-02-25,20265,2147,2159,2132,2147
2016-02-26,27605,2141,2158,2127,2141
2016-02-29,19096,2163,2172,2139,2163
2016-03-01,29070,2135,2148,2121,2135
2016-03-02,17714,2108,2130,2094,2107
2016-03-03,20271,2091,2108,2076,2091
2016-03-04,21465,2125,2137,2109,2125
2016-03-07,13826,2138,2149,2126,2138
2016-03-08,11900,2139,2157,2120,2139
2016-03-09,14748,2158,2169,2137,2158
2016-03-10,17372,2164,2183,2146,2164
2016-03-11,22123,2195,2218,2167,2195
2016-03-14,14600,2215,2238,2198,2215
2016-03-15,13733,2205,2226,2195,2205
2016-03-16,6188,2201,2218,2190,2201
2016-03-17,5978,2239,2259,2200,2239
2016-03-18,4086,2280,2298,2261,2280
2016-03-21,3892,2298,2313,2274,2298
2016-03-22,6790,2322,2333,2309,2322
2016-03-23,7414,2297,2320,2279,2297
2016-03-24,8176,2280,2299,2269,2280
2016-03-25,9154,2325,2338,2293,2325
2016-03-28,6492,2359,2376,2344,2359
2016-03-29,6114,2371,2403,2343,2371
2016-03-30,5993,2366,2390,2352,2366
2016-03-31,5912,2351,2385,2326,2351
2016-04-01,5975,2366,2378,2344,2366
2016-04-04,2560,2355,2385,2334,2355
2016-04-05,4765,2389,2399,2367,2389
2016-04-06,8258,2333,2347,2321,2333
2016-04-07,4232,2333,2345,2319,2333
2016-04-08,4965,2312,2323,2292,2312
2016-04-11,6401,2294,2315,2278,2294
2016-04-12,7980,2262,2281,2248,2262
2016-04-13,10660,2278,2299,2270,2278
2016-04-14,11525,2285,2297,2274,2285
2016-04-15,12224,2259,2276,2243,2258
2016-04-18,13342,2278,2296,2269,2278
2016-04-19,17052,2311,2319,2305,2311
2016-04-20,19120,2349,2356,2331,2349
2016-04-21,17645,2358,2366,2349,2358
2016-04-22,18601,2326,2348,2309,2326
2016-04-25,16030,2294,2317,2276,2294
2016-04-26,21168,2288,2300,2271,2288
2016-04-27,21575,2275,2293,2253,2275
2016-04-28,23694,2218,2232,2197,2218
2016-04-29,18667,2212,2232,2193,2212
2016-05-03,22688,2176,2199,2160,2176
2016-05-04,26909,2208,2250,2159,2208
2016-05-05,24505,2250,2266,2232,2250
2016-05-06,21266,2224,2255,2205,2224
2016-05-09,18803,2287,2296,2278,2287
2016-05-10,20623,2293,2312,2261,2293
2016-05-11,20968,2320,2340,2296,2320
2016-05-12,19215,2276,2297,2263,2276
2016-05-13,20784,2215,2226,2199,2215
2016-05-16,4416,2227,2247,2208,2227
2016-05-17,3931,2254,2266,2241,2254
2016-05-18,7715,2211,2262,2187,2211
2016-05-19,3944,2190,2219,2166,2190
2016-05-20,4752,2171,2184,2153,2171
2016-05-23,3607,2137,2154,2124,2137
2016-05-24,4227,2159,2166,2147,2159
2016-05-25,5061,2153,2193,2125,2153
2016-05-26,4969,2213,2237,2189,2213
2016-05-27,4665,2219,2242,2199,2219
2016-05-30,5897,2242,2252,2227,2242
2016-05-31,5581,2252,2273,2230,2252
2016-06-01,4455,2269,2284,2244,2269
2016-06-02,5868,2286,2297,2275,2286
2016-06-03,5071,2297,2327,2276,2298
2016-06-06,4850,2312,2320,2299,2312
2016-06-07,11077,2297,2331,2250,2296
2016-06-08,6537,2241,2260,2228,2241
2016-06-09,5878,2245,2262,2233,2245
2016-06-10,4385,2243,2258,2231,2243
2016-06-13,5659,2208,2248,2184,2208
2016-06-14,7151,2152,2178,2140,2152
2016-06-15,11799,2124,2165,2102,2124
2016-06-16,17434,2096,2114,2087,2096
2016-06-17,17915,2117,2133,2086,2117
2016-06-20,21283,2100,2130,2072,2100
2016-06-21,20168,2061,2098,2045,2061
2016-06-23,25151,2043,2092,2026,2043
2016-06-24,26717,2058,2087,2041,2058
2016-06-27,18707,2063,2083,2030,2063
2016-06-28,17391,2057,2071,2043,2056
2016-06-29,18988,2010,2040,1992,2010
2016-06-30,22350,2030,2054,1994,2030
2016-07-01,17712,2030,2054,2009,2030
2016-07-04,14865,2066,2079,2055,2066
2016-07-05,8494,2037,2058,2025,2037
2016-07-08,23823,1925,1955,1898,1924
2016-07-11,16413,1916,1934,1892,1916
2016-07-12,18805,1895,1925,1861,1894
2016-07-13,19893,1902,1916,1885,1902
2016-07-14,19022,1912,1947,1867,1912
2016-07-15,15127,1944,1974,1899,1944
2016-07-18,8796,1976,1985,1961,1976
2016-07-19,4109,1969,2004,1949,1969
2016-07-20,5489,2026,2050,1988,2026
2016-07-21,4160,2049,2063,2033,2049
2016-07-22,4013,2023,2043,2008,2023
2016-07-25,3173,1991,2009,1966,1991
2016-07-26,5765,1985,2023,1952,1985
2016-07-27,4011,2016,2034,1988,2016
2016-07-28,2757,2003,2016,1987,2003
2016-07-29,4364,2021,2030,2008,2021
2016-08-01,6613,2037,2051,2023,2037
2016-08-02,4772,2029,2044,2001,2029
2016-08-03,6928,2075,2115,2043,2075
2016-08-04,5021,2122,2147,2093,2122
2016-08-05,4473,2110,2139,2092,2109
2016-08-08,6399,2124,2139,2104,2124
2016-08-09,5113,2162,2180,2135,2162
2016-08-10,8118,2170,2200,2131,2170
2016-08-11,9026,2154,2181,2126,2154
2016-08-12,9029,2193,2219,2150,2193
2016-08-15,9204,2265,2290,2229,2265
2016-08-16,18270,2253,2287,2233,2253
2016-08-17,23861,2315,2371,2256,2315
2016-08-18,21845,2302,2343,2269,2302
2016-08-19,21343,2306,2328,2278,2306
2016-08-22,21953,2261,2309,2233,2261
2016-08-23,18963,2260,2284,2225,2261
2016-08-24,16821,2310,2326,2287,2310
2016-08-25,19063,2261,2277,2241,2261
2016-08-26,14033,2251,2270,2226,2251
2016-08-29,18414,2241,2276,2215,2241
2016-08-30,12703,2230,2244,2216,2230
2016-09-01,14302,2210,2225,2190,2210
2016-09-02,14582,2269,2301,2241,2269
2016-09-05,21793,2345,2361,2299,2345
2016-09-06,17796,2347,2365,2331,2346
2016-09-07,18569,2309,2331,2297,2309
2016-09-08,13431,2306,2326,2291,2306
2016-09-09,14599,2343,2359,2323,2343
2016-09-13,20176,2313,2348,2292,2313
2016-09-14,20334,2266,2279,2250,2266
2016-09-15,12665,2290,2313,2256,2290
2016-09-19,7923,2366,2405,2301,2367
2016-09-20,8053,2455,2482,2423,2455
2016-09-21,5045,2442,2473,2422,2442
2016-09-22,4542,2434,2465,2401,2434
2016-09-23,4908,2437,2465,2416,2437
2016-09-26,4069,2457,2474,2433,2457
2016-09-27,3448,2425,2442,2393,2425
2016-09-28,7733,2377,2414,2344,2377
2016-09-29,4649,2357,2387,2335,2357
2016-09-30,2446,2375,2397,2357,2375
2016-10-04,6614,2352,2371,2335,2352
2016-10-05,5103,2337,2364,2314,2337
2016-10-06,5699,2314,2346,2298,2314
2016-10-07,4272,2355,2375,2337,2355
2016-10-10,6593,2337,2356,2314,2337
2016-10-11,5936,2357,2389,2341,2358
2016-10-12,9140,2397,2430,2376,2397
2016-10-13,5947,2408,2428,2385,2408
2016-10-14,8278,2424,2456,2389,2424
2016-10-17,16387,2526,2547,2501,2526
2016-10-18,27663,2534,2569,2481,2534
2016-10-19,24386,2497,2521,2476,2497
2016-10-20,20585,2496,2525,2468,2496
2016-10-21,22079,2473,2504,2460,2473
2016-10-24,21783,2546,2597,2500,2546
2016-10-25,24066,2550,2591,2525,2550
2016-10-26,18437,2560,2575,2537,2560
2016-10-27,28733,2561,2589,2534,2561
2016-10-28,18075,2559,2576,2536,2559
2016-10-31,17900,2540,2556,2525,2540
2016-11-01,17761,2523,2561,2499,2523
2016-11-02,22358,2504,2533,2481,2505
2016-11-03,21822,2522,2545,2508,2522
2016-11-04,16019,2525,2545,2503,2525
2016-11-07,18109,2544,2563,2515,2544
2016-11-08,23229,2602,2632,2534,2602
2016-11-09,21819,2599,2629,2574,2599
2016-11-10,17946,2629,2672,2579,2629
2016-11-11,30377,2777,2858,2732,2777
2016-11-14,23044,2632,2691,2598,2631
2016-11-15,20252,2628,2669,2586,2628
2016-11-16,6230,2642,2669,2615,2642
2016-11-17,2125,2673,2693,2633,2673
2016-11-18,2735,2648,2660,2632,2648
2016-11-21,4531,2705,2715,2690,2705
2016-11-22,3264,2716,2727,2702,2716
2016-11-23,2094,2733,2742,2723,2733
2016-11-24,5379,2804,2875,2770,2804
2016-11-25,2904,2813,2834,2779,2814
2016-11-28,5363,2849,2865,2829,2849
2016-11-29,3391,2834,2858,2820,2834
2016-11-30,6546,2834,2866,2804,2833
2016-12-01,5162,2865,2878,2835,2864
2016-12-02,5701,2870,2890,2856,2870
2016-12-05,4179,2897,2921,2862,2897
2016-12-06,7036,2914,2957,2878,2914
2016-12-07,6429,2937,2954,2912,2937
2016-12-08,4510,2891,2901,2882,2891
2016-12-09,5645,2862,2879,2835,2862
2016-12-13,5092,2851,2877,2831,2851
2016-12-14,5950,2894,2914,2853,2894
2016-12-15,9343,2949,2969,2903,2949
2016-12-16,15878,2971,3002,2951,2971
2016-12-19,14023,2971,3002,2939,2971
2016-12-20,14917,2905,2926,2892,2905
2016-12-21,15551,2908,2931,2882,2908
2016-12-22,15218,2895,2924,2870,2895
2016-12-23,16123,2839,2861,2813,2839
2016-12-27,14951,2915,2934,2865,2915
2016-12-28,16639,2943,2953,2921,2943
2016-12-29,19442,2904,2928,2884,2904
2016-12-30,12548,2903,2921,2888,2903
